欄位編號	對應RL系統 評估基準代號	類別	細項	臺灣櫻花鉤吻鮭(範例)	臺灣副細鯽(範例)	太平洋雙色鰻鱺;短鰭鰻;二色鰻	西里伯斯鰻鱺;西里伯斯鰻;鰻;黑鰻	日本鰻鱺;白鰻;日本鰻;正鰻;白鱔;鰻鱺;土鰻;淡水鰻	呂宋鰻鱺;呂宋鰻;黃氏鱸鰻	花鰻鱺;鱸鰻;花鰻;烏耳鰻;土龍;黑鰻	臺灣石;臺灣光唇魚;石斑;石;秋斑;石賓	溪流細鯽	菊池氏細鯽;菊池細鯽;美達卡;Medaka(臺東地方俗名);散魚仔;吉氏細鯽;臺細鯽;瘦魚;車栓仔;竹篙鑣	臺灣鬚鱲;鬚鱲;憨仔魚;一枝花;山鰱仔;臺灣馬口魚;馬口;臺灣馬口鱲;臺灣縱紋鱲;豆仔魚 	屏東鬚鱲;屏東馬口魚;屏東條紋鱲;屏東縱紋鱲;一枝花	鯽;鯽仔;土鯽;本島鯽;本島仔;細頭	紅鰭鮊;曲腰;翹嘴巴;總統魚;白魚	翹嘴鮊;曲腰;翹嘴仔;總統魚;巴力;翹嘴紅鮊;青木鮊	鯉;西鯉;鮘仔;在來鯉;財神魚	圓吻鯝;更魚;憨魚;甘仔魚;鯃魚;阿嬤魚	陳氏鰍鮀;臺灣鰍鮀;八鬚鯉	科勒氏鰍鮀;八鬚鯉	唇;竹篙頭;;真口魚	;苦槽仔;海鰱仔;奇力仔;白條;白鱎;條	臺灣梅氏鯿;臺灣梅茨魚;車栓仔;臺灣黃鯝魚;臺灣細鯿;臺灣麥氏鯿	大鱗梅氏鯿;大鱗梅茨魚;車栓仔;大鱗黃鯝魚;大鱗鱎;高木氏細鯿;大鱗細鯿;大鱗麥氏鯿	高身小鰾鮈;車栓仔;高身棒花魚;高身鐮柄魚	短吻小鰾鮈;車栓仔;短吻棒花魚;短吻鐮柄魚	高身白甲魚;高體白甲魚;高身鯝魚;赦鮸;鮸仔;高身鏟頜魚	臺灣白甲魚;臺灣白甲魚;苦花;鯝魚;苦偎;齊頭偎;臺灣鏟頜魚	長鰭馬口鱲;長鰭馬口魚;溪哥仔(幼魚及雌魚);紅貓(雄);粗嘴仔;白哥仔;臺灣平頜鱲;臺灣鱲	高屏馬口鱲;高屏馬口魚;溪哥仔(幼魚及雌魚);紅貓(雄);苦粗仔	粗首馬口鱲;厚頭馬口魚;溪哥仔(幼魚及雌魚);紅貓(雄);苦槽仔;闊嘴郎;粗首鱲	臺灣副細鯽;臺灣副細鯽;臺灣白魚	羅漢魚;麥穗魚;尖嘴仔;車栓仔;尖嘴魚仔	半紋小鲃;五線小鲃;紅目鮘;紅目猴;牛屎鯽仔;條紋二鬚鲃;條紋小鲃;五線無鬚鲃	斯奈德小鲃;紅目鮘;紅目猴;牛屎鯽仔;史尼氏小鲃;史尼氏二鬚鲃	高體鰟鮍;牛屎鯽仔;紅目鯽仔;鱊;點鱊	大眼華鯿;目孔	何氏棘鲃;光倒刺鲃;更仔;留仔	銀鮈;車栓仔;頜鬚鮈	巴氏銀鮈;車栓仔;班氏銀鮈;中台銀鮈;班氏頜鬚鮈	飯島氏銀鮈;臺灣銀鮈;車栓仔;飯島氏麻魚;台銀鮈;南風魚;飯島氏頜鬚鮈;臺灣頜鬚鮈	齊氏田中鰟鮍;齊氏石鮒;牛屎鯽仔	革條田中鰟鮍;臺灣石鮒;牛屎鯽仔;副彩鱊;革條副鱊	纓口臺鰍;纓口台鰍;臺灣纓口鰍;鹿仔魚;花貼仔;石貼仔	臺灣間爬岩鰍;臺灣間吸鰍;臺灣石爬子;石貼仔	沈氏間爬岩鰍;沈氏間吸鰍;石貼仔	臺東間爬岩鰍;臺東間吸鰍;石貼仔	南臺中華爬岩鰍;南臺中華吸鰍;簸箕魚;木箕貼仔;石貼仔;棕簑貼	埔里中華爬岩鰍;埔里華吸鰍;簸箕魚;木箕貼仔;石貼仔;棕簑貼	中華鰍;花鰍;胡溜;沙鰍;沙溜;土鰍;中華花鰍	泥鰍;土鰍;胡溜;魚溜;雨溜;河鰡;旋鰡;旋鰡鼓	大鱗副泥鰍;紅泥鰍;土鰍;胡溜;魚溜;雨溜	短臀擬鱨;短臂鮠;日月潭鮠;三角鉤;三角姑;臺灣鮠	長脂擬鱨;脂鮠;淡水河鮠;三角鉤;三角姑	鯰;鯰魚;念仔魚;廉仔;鯤魚;黃骨魚	臺灣;臺灣;紅噹仔;黃蜂;臺灣鮰	香魚;魚;Ayu;年魚	銳頭銀魚;尖頭銀魚	臺灣鉤吻鮭;臺灣大麻哈魚;臺灣鮭;梨山鮭;櫻花鉤吻鮭;臺灣鱒;大甲鱒;梨山鱒	青鱂;稻田魚;魚目娘;米鱂;彈魚	食蚊魚;大肚仔;胎鱂;大肚魚	黃鱔;鱔魚	雜交種吳郭魚	莫三比克口孵非鯽;非洲仔;南洋鯽仔;在來吳郭魚	尼羅口孵非鯽;尼羅口孵非鯽(尼羅非鯽);南洋鯽仔;尼羅吳郭魚	吉利非鯽;吉利吳郭魚	溪鱧;溪塘鱧;石貼仔	黑頭阿胡鰕虎;黑首阿胡鰕虎魚	刺蓋塘鱧	褐塘鱧	盤鰭叉舌鰕虎;盤鰭舌鰕虎魚	棘鱗裂唇鯊鰕虎	阿部氏鯔鰕虎;阿部鯔鰕虎魚	黏皮輜鰕虎	楊氏鋤突鰕虎;楊氏犁突鰕虎魚	尖鰭寡鱗鰕虎;尖鰭寡鱗鰕虎魚	拜庫雷鰕虎;斑紋雷鰕虎魚	明潭吻鰕虎;明潭吻鰕虎魚	細斑吻鰕虎;細斑吻鰕虎魚	臺灣吻鰕虎;臺灣吻鰕虎魚	大吻鰕虎;大吻鰕虎魚	極樂吻鰕虎;子陵吻鰕虎魚	恆春吻鰕虎魚;恆春吻鰕虎魚魚	蘭嶼吻鰕虎;蘭嶼吻鰕虎魚	斑帶吻鰕虎;斑帶吻鰕虎魚	南台吻鰕虎;南台吻鰕虎魚	短吻紅斑吻鰕虎;短吻紅斑吻鰕虎魚	寬帶裂身鰕虎;寬帶裂身鰕虎魚	羅氏裂身鰕虎;羅氏裂身鰕虎魚	環帶瓢眼鰕虎;環帶瓢眼鰕虎魚	尾鱗微笑鰕虎; 尾鱗銳齒鰕虎	日本瓢鰭鰕虎;日本瓢鰭鰕虎魚	兔頭瓢鰭鰕虎;兔頭瓢鰭鰕虎魚	寬頰瓢鰭鰕虎;寬頰瓢鰭鰕虎魚	頰斑細鰕虎;狹鰕虎	黑紫枝牙鰕虎;黑紫枝牙鰕虎魚	美麗枝牙鰕虎;美麗枝牙鰕虎魚	黑鰭枝牙鰕虎;黑鰭枝牙鰕虎魚	攀鱸	蓋斑鬥魚;叉尾鬥魚;臺灣鬥魚;三斑菩薩魚	七星鱧;鮕鮘;月鱧	斑鱧;鮕鮘;雷魚;南鱧	中華刺鰍;中華棘鰍;豬母鋸;帶刀魚
n1		學名	拉丁完整學名	Oncorhynchus masou formosanus  (Jordan & Oshima, 1919)	Pararasbora moltrechti Regan, 1908	Anguilla bicolor pacifica Schmidt, 1928	Anguilla celebesensis Kaup, 1856	Anguilla japonica Temminck & Schlegel, 1846	Anguilla luzonensis Watanabe, Aoyama & Tsukamoto, 2009	Anguilla marmorata Quoy & Gaimard, 1824	Acrossocheilus paradoxus (Günther, 1868)	Aphyocypris amnis Liao, Kullander & Lin, 2011	Aphyocypris kikuchii (Oshima, 1919)	Candidia barbata (Regan, 1908)	Candidia pingtungensis Chen, Wu & Hsu, 2008	Carassius auratus auratus (Linnaeus, 1758)	Chanodichthys erythropterus (Basilewsky 1855)	Culter alburnus Basilewsky, 1855	Cyprinus carpio carpio Linnaeus, 1758	Distoechodon tumirostris Peters, 1881	Gobiobotia cheni Banarescu & Nalbant, 1966	Gobiobotia kolleri Banarescu & Nalbant, 1966	Hemibarbus labeo (Pallas, 1776)	Hemiculter leucisculus (Basilewsky, 1855)	Metzia formosae (Oshima, 1920)	Metzia mesembrinum (Jordan & Evermann, 1902)	Microphysogobio alticorpus Banarescu &  Nalbant, 1968	Microphysogobio brevirostris (Günther, 1868)	Onychostoma alticorpus (Oshima, 1920)	Onychostoma barbatulum (Pellegrin, 1908)	Opsariichthys evolans (Jordan & Evermann, 1902)	Opsariichthys kaopingensis Chen & Wu, 2009	Opsariichthys pachycephalus Günther, 1868	Pararasbora moltrechti Regan, 1908	Pseudorasbora parva (Temminck & Schlegel, 1846)	Puntius semifasciolatus (Günther, 1868)	Puntius snyderi Oshima, 1919	Rhodeus ocellatus ocellatus (Kner, 1867)	Sinibrama macrops (Günther, 1868)	Spinibarbus hollandi Oshima, 1919	Squalidus argentatus (Sauvage & Dabry de Thiersant, 1874)	Squalidus banarescui Chen & Chang, 2007	Squalidus iijimae (Oshima, 1919)	Tanakia chii (Miao, 1934)	Tanakia himantegus (Günther, 1868)	Formosania lacustre (Steindachner, 1908)	Hemimyzon formosanus (Boulenger, 1894)	Hemimyzon sheni Chen & Fang, 2009	Hemimyzon taitungensis Tzeng & Shen, 1982	Sinogastromyzon nantaiensis Chen, Han & Fang, 2002	Sinogastromyzon puliensis Liang, 1974	Cobitis sinensis Sauvage & Dabry de Thiersant, 1874	Misgurnus anguillicaudatus (Cantor, 1842)	Paramisgurnus dabryanus Dabry de Thiersant, 1872	Tachysurus brevianalis Regan, 1908	Tachysurus adiposalis (Oshima, 1919)	Silurus asotus Linnaeus, 1758	Liobagrus formosanus Regan, 1908	Plecoglossus altivelis altivelis (Temminck &amp; Schlegel, 1846)	Salanx acuticeps Regan, 1908	Oncorhynchus formosanus (Jordan & Oshima, 1919)	Oryzias latipes (Temminck & Schlegel, 1846)	Gambusia affinis (Baird & Girard, 1853)	Monopterus albus(Zuiew, 1793)	Oreochromis complex	Oreochromis mossambicus (Peters, 1852)	Oreochromis niloticus (Linnaeus, 1758)	Tilapia zillii (Gervais, 1848)	Rhyacichthys aspro (Valenciennes, 1837)	Awaous melanocephalus (bleeker, 1849)	Eleotris acanthopoma Bleeker, 1853	Eleotris fusca (Forster, 1801)	Glossogobius celebius (Valenciennes, 1837)	Lentipes armatus Sakai & Nakamura, 1979	Mugilogobius abei (Jordan &amp; Snyder, 1901)	Mugilogobius myxodermus (Herre, 1935)	Myersina yangii (Chen, 1960)	Oligolepis acutipennis (Valenciennes, 1837)	Redigobius bikolanus (Herre, 1927)	Rhinogobius candidianus (Regan, 1908)	Rhinogobius delicatus Chen & Shao, 1996	Rhinogobius formosanus Oshima, 1919	Rhinogobius gigas Aonuma & Chen, 1996	Rhinogobius giurinus (Rutter, 1897)	Rhinogobius henchuenensis Chen & Shao, 1996	Rhinogobius lanyuensis Chen, Miller & Fang, 1998	Rhinogobius maculafasciatus Chen & Shao, 1996	Rhinogobius nantaiensis Aonuma & Chen, 1996	Rhinogobius rubromaculatus Lee & Chang, 1996	Schismatogobius ampluvinculus Chen, Shao & Fang, 1995	Schismatogobius roxasi  Herre, 1936	Sicyopus zosterophorus (Bleeker, 1856)	Smilosicyopus leprurus (Sakai &amp Nakamura, 1979)	Sicyopterus japonicus (Tanaka, 1909)	Sicyopterus lagocephalus (Pallas, 1770)	Sicyopterus macrostetholepis (Bleeker, 1853)	Stenogobius sp.	Stiphodon atropurpureus (Herre, 1927)	Stiphodon elegans (Steindachner, 1879)	Stiphodon percnopterygionus Watson & Chen, 1998	Anabas testudineus (Bloch, 1792)	Macropodus opercularis (Linnaeus, 1758)	Channa asiatica (Linnaeus, 1758)	Channa maculata (Lacepède, 1801)	Sinobdella sinensis (Bleeker, 1870)
n2		學名	評估分類階層(A. 種，B. 亞種或其他種以下分類階層)。若評估對象為種以下分類階層，學名請完整陳列。另台灣若同時有不同亞種(或其他種以下分類階層)存在，請分別評估。	B	A	B	A	A	A	A	A	A	A	A	A	B	A	A	B	A	A	A	A	A	A	A	A	A	A	A	A	A	A	A	A	A	A	B	A	A	A	A	A	A	A	A	A	A	A	A	A	A	A	A	A	A	A	A	B	A	A	A	A	A	A	A	A	A	A	A	A	A	A	A	A	A	A	A	A	A	A	A	A	A	A	A	A	A	A	A	A	A	A	A	A	A	A	A	A	A	A	A	A	A	A
rc0		族群屬性	評估對象: 繁殖(B)、訪問(V，不含遷徙但在台灣繁殖)或未(無法)區分(U)	B	B	V	V	V	V	V	B	B	B	B	B	B	B	B	B	B	B	B	B	B	B	B	B	B	B	B	B	B	B	B	B	B	B	B	B	B	B	B	B	B	B	B	B	B	B	B	B	B	B	B	B	B	B	B	B	B	B	B	B	B	B	B	B	B	B	B	B	B	B	B	B	B	V	B	B	B	B	B	B	B	B	B	B	B	B	V	V	B？	B？	B	B	B	B	B	B	B	B	B	B	B	B
a1	A	族群衰減	世代長度(Generation Length)(數字)	1.5	4.5																													4.5																											1.5																																												
a2	A	族群衰減	"世代長度"單位(例: 年)	Y	Y																													Y																											Y																																												
a3	A1(A)、A2-A4	族群衰減	"世代長度"數據來源，A:直接觀察、B.估計、C.推測、D.懷疑	A	A,																													A																											A																																												
a4	A	族群衰減	往前族群衰減速率(Rate of reduction)，以比較開始的基準年為100(基準值)，如:-75、+30, 0 分別代表減少75%, 增加30%, NS代表增減不顯著	60	-88			-90				-95														-73								-88																									-100	-100	60																																												
a5	A	族群衰減	已量度之衰減時間區間(Time period over which reduction is measured )(數字)，建議至少10年或3個世代，以較長者適用	27	10			25				8														1								10																											27																																												
a6	A	族群衰減	"衰減時間區間"單位(例: 年(Y)、代(G))	Y	Y			Y				Y														Y								Y																											Y																																												
a7	A3	族群衰減	資料類型:A.成熟個體數、B.趨勢指數、C. 分布範圍、	A,B,C	B,C			B,C				B	C													B								B, C																											A,B,C																																												
a8	A3	族群衰減	"族群衰減"數據來源，A:直接觀察、B.估計、C.推測、D.懷疑	A	A,B			A				C														A								A, B																											A																																												
a9	A3	族群衰減	往後10年或3代(不超過100年)預測或推估族群衰減速率																																																																																																						
a10	A(sub-criteria)	族群衰減	衰減或主要威脅原因:X.不明、A.棲地縮減、B.利用、消耗、獵捕程度(B1：非特定獵捕，B2：特定獵捕)、C.外來種、D.雜交、E.疾病、F. 汙染、G. 競爭、H. 寄生、I. 氣候變遷、J. 放生(放流)、K..分布範圍變遷、 O. 其他、(只填代碼，可複選，依據嚴重性填列，半形逗號區隔，如A,C。不知原因時請填"X")	I	A,F	B(B2), C	B(B2)	A,B(B1, B2), F, I	B(B2)	A, B(B1, B2), F, I	I	A, B(B2), I	A, B(B2), C, I, J, K	I	A, B(B1), D, F, I	I	I	I	I	I	A, C, I, K	A, I	I	I	A, C, F, I, J	A, C, F, I, K	A, B(B2), C, D, I, J	A, B(B2), C, D, I, J	A, I, K	A, I, K	I	A, B(B1), F, I, J	I	A, B(B1), C, F, I, J, K	C, I	A, B(B1, B2), C, F, I, J, K	A, B(B1, B2), C, F, I, J, K	A, B(B1), C, F, I, J	A, C, F, J, K	A, B(B1), J, I	A, B(B1), I	A, B(B1), C, F, G, I, J, K	A, B(B1), I	A, B(B1), I	A, B(B1), I	A, B(B1), C, F, I, K	I	I	I	A, B(B1), I, K	A, B(B1), I, K	I	I	I	B(B2), F, I, K	B(B2), F, I, K	I	X, I	I, J	X	I	A, B(B1), C, F, G, I, J, K		A, B(B1, B2), C, D, F, G, J, K					X, I	X	X	X	X	X	X	X	X	X	X	A, B(B1, B2), C, F, I, J, K	A, I	A, B(B2), F, I	I	I	A, F, I	A, F, I	A, F, I	A, F, I	A, F, I	X, B(B2), I	X, B(B2), I	X, B(B2), I	X, B(B2), I	B(B1, B2), I	X, B(B2), I	X, B(B2), I	X, B(B2), I	X, B(B2), I	X, B(B2), I	X, B(B2), I	X	A, B(B1, B2), C, D, F, I, J, K	A, B(B1, B2), F, I	A, B(B1, B2), C, F, G, I, J, K	X
a11	A1 or A2, A4(A)	族群衰減	衰減趨勢是否停止(A.尚無停止跡象、B.已經停止)	B	A			A													A					A																																			B																																												
a12	A1 or A2, A4(A)	族群衰減	族群是否可以反轉(增加)或是停止下降；X. 不明、A.無論如何，無法反轉或停止、B. 積極保育管理是必須的、C. 其他(只填代碼)		B			B													X					B																																	A	A																																													
a13	A	族群衰減	族群變遷補充說明(文字)	普查資料自1987-2014前間，每年至少進行兩次全河段普查工作。族群變化趨勢上升，但檢視各年間，呈現變動，但未達嚴重變動。27年間變動趨勢呈現上升(趨勢線+59.7，R Square=0.42)，若只看近10年(2004-2014)，族群趨勢也是上升(趨勢線+60.5，R Square=0.06)。	並非每個地點都有監測資料，食水嵙族群監測資料比較完整，自2001-2013年間(14年)，每年以每月或是每季進行監測。以CPUE捕獲量看，在10年間(2003-2013)族群下降88%(由CPUE=28.6變成CPUE=3.4)，嚴重衰減。另外埔里族群亦有下降。但幅度較小(羅聿，2014引用特有生物研究保育中心資料)。	族群數量狀況不明，僅有少量採集標本紀錄。因養殖有引入其他亞種(A. bicolor bicolor)的狀況，可能有逸出雜交的問題。	族群數量狀況不明，僅有少量採集標本紀錄。	台灣地區鰻魚資源長期變遷情形, 目前並無定量或是其他可信資料 (漁業年報資料不準). 目前只依靠定性描述, 下降9成以上是確定的. 如果一定要量化參考資料, 日本養殖新聞近20年對日本鰻苗之各國統計,勉強可用。依據其統計加權之後，1990-2015統計顯示鰻魚苗捕獲量下降超過90以上。	族群數量狀況不明，可能被誤捕(by catch)。因養殖有引入其他地區的個體，可能有逸出影響野生族群量的問題。	族群狀況不明，但1998年自保育類名單移除後，捕獵壓力明顯提高。鰻苗與成體族群量及變動趨勢仍有待評估。	族群無衰減趨勢。目前因人為放流入侵其他溪流，已是全臺灣廣泛分布種類。	族群狀況自2005年以來有下降趨勢，但族群數量多為估計。人為釣捕估計族群有5-6000尾下降至2014年估計約300尾(羅，2014)。分布點位極為狹隘。威脅種類為潛在威脅說明。	歷史溪流分布已知點位清查後，在2015年發現僅有2個已經存在點位尚可發現少量，且可能都是放流復育族群。台東族群可能已經消失。(楊正雄，unplished data)	分布廣泛，族群應無衰減趨勢。目前因人為放流入侵其他非原生溪流，已是全臺灣廣泛分布種類。	資料不明，分布點位狹窄。	分布廣泛，族群應無明顯衰減趨勢。已有人工繁殖技術與產業。	族群應無衰減趨勢。已有人工繁殖技術與產業。目前因人為放流入侵其他非原生溪流或湖泊。	分布廣泛，族群應無衰減趨勢。已有人工繁殖技術與產業。目前因人為放流入侵其他非原生溪流或湖泊。	分布廣泛，族群應無明顯衰減趨勢。已有人工繁殖技術與產業。	族群無明顯衰減趨勢。已有人工繁殖技術。	烏溪與濁水溪的監測都有分布退縮的現象(Tzeng，濁水溪監測文獻)，但並無全面性數量監測資料。	族群是否有衰減趨勢，並不清楚。	族群無衰減趨勢。目前因人為放流入侵其他非原生溪流或湖泊。	分布廣泛，族群應無衰減趨勢。目前資料亦無觀察到明顯衰減趨勢。	現存分布點的族群趨勢是否衰減，並無資料。	族群資料自2014年有系統性監測。在棲地退化與外來種威脅下，數量由4065尾降至1079尾。(陳，2015)	分布廣泛，族群應無衰減趨勢。目前資料亦無觀察到明顯衰減趨勢。	分布廣泛，族群應無衰減趨勢。目前資料亦無觀察到明顯衰減趨勢。	分布廣泛，族群應無衰減趨勢。目前資料亦無觀察到明顯衰減趨勢。	分布廣泛，族群應無衰減趨勢。目前資料亦無觀察到明顯衰減趨勢。	分布廣泛，族群應無衰減趨勢。目前資料亦無觀察到明顯衰減趨勢。	資料不明，分布點位狹窄。	分布廣泛，族群應無衰減趨勢。目前因人為放流入侵其他非原生溪流，已是全臺灣廣泛分布種類。	並非每個地點都有監測資料，食水嵙族群監測資料比較完整，自2001-2013年間(14年)，每年以每月或是每季進行監測。以CPUE捕獲量看，在10年間(2003-2013)族群下降88%(由CPUE=28.6變成CPUE=3.4)，嚴重衰減。另外埔里族群亦有下降。但幅度較小(羅聿，2014引用特有生物研究保育中心資料)。	分布廣泛，族群應無衰減趨勢。	資料不明，分布點位分散。	資料不明，分布點位分散。	分布廣泛，族群應無衰減趨勢。	分布侷限，但族群應無衰減趨勢。	分布廣泛，族群應無衰減趨勢。目前因人為放流入侵其他非原生溪流，已是全臺灣廣泛分布種類。	分布侷限，無族群變遷資料。	分布侷限，無族群變遷資料。	分布侷限，無族群變遷資料。	分布侷限，無族群變遷資料。	分布廣泛，族群應無衰減趨勢。	分布廣泛，族群應無衰減趨勢。	分布廣泛，族群應無衰減趨勢。	分布侷限，無族群變遷資料。	小範圍分布，族群是否衰減不明。	小範圍分布，族群是否衰減不明。	小範圍分布，族群是否衰減不明。	分布廣泛，族群應無衰減趨勢。	分布廣泛，族群無明顯衰減趨勢。已有人工繁殖技術。	分布廣泛，族群無明顯衰減趨勢。已有人工繁殖技術。	分布廣泛，族群無明顯衰減趨勢。	小範圍分布，族群是否衰減不明。	分布廣泛，族群無明顯衰減趨勢。已有人工繁殖技術。	分布侷限，族群是否衰減不明。	已無原生族群，目前為放流族群。族群自我更新狀況仍待確認。分布廣泛，族群無明顯衰減趨勢。已有人工繁殖技術。	除標本紀錄外，1960年後已無任何野外採捕紀錄。	普查資料自1987-2014前間，每年至少進行兩次全河段普查工作。族群變化趨勢上升，但檢視各年間，呈現變動，但未達嚴重變動。27年間變動趨勢呈現上升(趨勢線+59.7，R Square=0.42)，若只看近10年(2004-2014)，族群趨勢也是上升(趨勢線+60.5，R Square=0.06)。	分布侷限，野外族群是否衰減不明。部分野外族群為人為放流或逸出。	外來種類	分布曾經廣泛，但目前原生種類分布不明，族群狀況不明。已有引入外來種養殖，可能有逸出競爭或雜交之可行性。已有人工繁殖技術。	外來種類	外來種類	外來種類	外來種類	廣泛分布，但並無族群變動趨勢評估資料。	族群變動趨勢沒有評估資料。	族群變動趨勢沒有評估資料。	廣泛分布種類，應無族群下降趨勢。	族群變動趨勢沒有評估資料。	族群變動趨勢沒有評估資料。	族群變動趨勢沒有評估資料。	族群變動趨勢沒有評估資料。	除標本紀錄外，無野外採集資料。	族群變動趨勢沒有評估資料。	族群變動趨勢沒有評估資料。	廣泛分布種類，族群變動應無下降趨勢。因為人為放流擴散至非原生區域。	侷限分布種類，但族群變動趨勢沒有評估資料。	侷限分布種類，但族群變動趨勢沒有評估資料。	東部廣泛分布，族群變動應無下降趨勢。	廣泛分布種類，族群應無下降趨勢。生活史有陸封性與兩側洄游兩種型態。	分布侷限，但族群變動趨勢沒有評估資料。	分布侷限，但族群變動趨勢沒有評估資料。	廣泛分布種類，族群應無下降趨勢。	分布侷限，但族群變動趨勢沒有評估資料。	廣泛分布種類，應無族群下降趨勢。	族群變動趨勢沒有評估資料。	族群變動趨勢沒有評估資料。	族群變動趨勢沒有評估資料。	族群變動趨勢沒有評估資料。	臺灣東部與南部廣泛分布，族群應無下降趨勢。	族群變動趨勢沒有評估資料。	族群變動趨勢沒有評估資料。	族群變動趨勢沒有評估資料。	族群變動趨勢沒有評估資料。	族群變動趨勢沒有評估資料。	族群變動趨勢沒有評估資料。	臺灣本地除了標本之外，已無野外採集紀錄。金門新近有發現紀錄，但族群變動趨勢沒有評估資料。	曾經廣泛分布，但後來分布面積快速減少。但復育及人為放流行為普遍，目前野外族群可能都是復育或是放流逸出族群。且有外來種雜交之問題。並且無法僅針對原生族群進行評估，亦無變動趨勢資料。	廣泛分布種類，族群變動趨勢沒有評估資料。	廣泛分布種類，族群變動趨勢沒有評估資料。且已可人工繁殖，其國外引入種類，可能有雜交問題，以及人為放流逸出問題。在原棲地亦有面臨線鱧(C. striata)的競爭威脅。	除標本紀錄外，無野外採集資料。
b1	B1	分布範圍	歷年觀察占有面積(Observed Area of occupancy – AOO)--計算方法: 分布點資料，每個分布點代表2km*2km網格，相加所有佔有網格數)(單位:平方公里)	11	7	12		476		680	2692		84	1324	8	1228	180	56	488	76	108	152	192	424	20	4	756	532	424	1324	500	24	2972	24	592	92	16	296	56	440		4	8		592	1084	1140		80	44	488	1152	432	116	680	628	560	60	128		4	32	768	172	1096			528	152	296	108	620	32	8	28	8	8	36	16	2428	264	96	812	984	144	16	316	396	936	36	16	16		1472	76	124	28	4	16	32		84	200	448	12
b2	B1	分布範圍	歷年觀察分佈範圍(Observed Extent of occurrence – EOO)--以亞族群為計算基礎(當有亞族群存在時)，後相加所有亞族群分布面積。計算方法: 分布點資料-最小凸多邊形法(單位:平方公里)(每個分布點代表1km*1km網格)	14	62	1619.776		42074.8		44929.95	34121.6	--	4614.177	30514.42	--	34628.58	13488.03	5997.126	31737.69	3685.23	5972.612	1467.127	16757.38	31166.52	1186.96	--	12851.44	20996.66	9197.31	28075.45	26935.5	3553.51	33519.43	1048.221	61632.15	20531.4	1399.619	27867.39	931.5218	24100.54					33360.62	18673.49	26074.57		2879.322	343.5994	9148.825	29311.13	62252.41	21363.59	13540.13	13897.31	63407.16	760.9903	18545.54	--	14	3065.544	77883.77	63004.52	35815.81	--	--	61838.31	40317.79	40966.57	31208.06	54199.2	10969.77	--	10461	--	--	15586.45	409.3812	31742	26990.64	3706.35	26146.91	65866.69	5706.464	22.59097	26666.8	8721.737	29230.53	6289.882	1351.253	144.2649		43092.14	22353.44	20957.07	1399.956	--	1562.807	1294.51	--	47412.07	19998.11	57840.03	3888.505
b3	B1	分布範圍	歷年預測分布範圍(Predicted EOO)--計算方法: 由分布點資料進行分布預測模式，預測出現1km*1km網格數(單位:平方公里)																																																																																																						
b4	B2	分布範圍	歷年推測分布範圍(Inferred EOO)--計算方法: 由分布點資料推測分布範圍(單位:平方公里)																																																																																																						
b5	A3, A4	分布範圍	歷年分布範圍採用資料來源(文字說明)	由實際分布資料推估		匯集以下各資料庫內容後計算，年代自1915至2015年間，資料庫包含中研院、特有生物中心及水利署等。清單及各資料庫內容見本文及附錄S3說明。	資料庫內目前無資料	匯集以下各資料庫內容後計算，年代自1915至2015年間，資料庫包含中研院、特有生物中心及水利署等。清單及各資料庫內容見本文及附錄S3說明。	資料庫內目前無資料	匯集以下各資料庫內容後計算，年代自1915至2015年間，資料庫包含中研院、特有生物中心及水利署等。清單及各資料庫內容見本文及附錄S3說明。	匯集以下各資料庫內容後計算，年代自1915至2015年間，資料庫包含中研院、特有生物中心及水利署等。清單及各資料庫內容見本文及附錄S3說明。	資料庫內目前無資料，依照目前已經實際點位分布進行計算與填寫	匯集以下各資料庫內容後計算，年代自1915至2015年間，資料庫包含中研院、特有生物中心及水利署等。清單及各資料庫內容見本文及附錄S3說明。	匯集以下各資料庫內容後計算，年代自1915至2015年間，資料庫包含中研院、特有生物中心及水利署等。清單及各資料庫內容見本文及附錄S3說明。	匯集以下各資料庫內容後計算，年代自1915至2015年間，資料庫包含中研院、特有生物中心及水利署等。清單及各資料庫內容見本文及附錄S3說明。	匯集以下各資料庫內容後計算，年代自1915至2015年間，資料庫包含中研院、特有生物中心及水利署等。清單及各資料庫內容見本文及附錄S3說明。	匯集以下各資料庫內容後計算，年代自1915至2015年間，資料庫包含中研院、特有生物中心及水利署等。清單及各資料庫內容見本文及附錄S3說明。	匯集以下各資料庫內容後計算，年代自1915至2015年間，資料庫包含中研院、特有生物中心及水利署等。清單及各資料庫內容見本文及附錄S3說明。	匯集以下各資料庫內容後計算，年代自1915至2015年間，資料庫包含中研院、特有生物中心及水利署等。清單及各資料庫內容見本文及附錄S3說明。	匯集以下各資料庫內容後計算，年代自1915至2015年間，資料庫包含中研院、特有生物中心及水利署等。清單及各資料庫內容見本文及附錄S3說明。	匯集以下各資料庫內容後計算，年代自1915至2015年間，資料庫包含中研院、特有生物中心及水利署等。清單及各資料庫內容見本文及附錄S3說明。	匯集以下各資料庫內容後計算，年代自1915至2015年間，資料庫包含中研院、特有生物中心及水利署等。清單及各資料庫內容見本文及附錄S3說明。	匯集以下各資料庫內容後計算，年代自1915至2015年間，資料庫包含中研院、特有生物中心及水利署等。清單及各資料庫內容見本文及附錄S3說明。	匯集以下各資料庫內容後計算，年代自1915至2015年間，資料庫包含中研院、特有生物中心及水利署等。清單及各資料庫內容見本文及附錄S3說明。	匯集以下各資料庫內容後計算，年代自1915至2015年間，資料庫包含中研院、特有生物中心及水利署等。清單及各資料庫內容見本文及附錄S3說明。	匯集以下各資料庫內容後計算，年代自1915至2015年間，資料庫包含中研院、特有生物中心及水利署等。清單及各資料庫內容見本文及附錄S3說明。	匯集以下各資料庫內容後計算，年代自1915至2015年間，資料庫包含中研院、特有生物中心及水利署等。清單及各資料庫內容見本文及附錄S3說明。	匯集以下各資料庫內容後計算，年代自1915至2015年間，資料庫包含中研院、特有生物中心及水利署等。清單及各資料庫內容見本文及附錄S3說明。	匯集以下各資料庫內容後計算，年代自1915至2015年間，資料庫包含中研院、特有生物中心及水利署等。清單及各資料庫內容見本文及附錄S3說明。	匯集以下各資料庫內容後計算，年代自1915至2015年間，資料庫包含中研院、特有生物中心及水利署等。清單及各資料庫內容見本文及附錄S3說明。	匯集以下各資料庫內容後計算，年代自1915至2015年間，資料庫包含中研院、特有生物中心及水利署等。清單及各資料庫內容見本文及附錄S3說明。	匯集以下各資料庫內容後計算，年代自1915至2015年間，資料庫包含中研院、特有生物中心及水利署等。清單及各資料庫內容見本文及附錄S3說明。	匯集以下各資料庫內容後計算，年代自1915至2015年間，資料庫包含中研院、特有生物中心及水利署等。清單及各資料庫內容見本文及附錄S3說明。	匯集以下各資料庫內容後計算，年代自1915至2015年間，資料庫包含中研院、特有生物中心及水利署等。清單及各資料庫內容見本文及附錄S3說明。	匯集以下各資料庫內容後計算，年代自1915至2015年間，資料庫包含中研院、特有生物中心及水利署等。清單及各資料庫內容見本文及附錄S3說明。	匯集以下各資料庫內容後計算，年代自1915至2015年間，資料庫包含中研院、特有生物中心及水利署等。清單及各資料庫內容見本文及附錄S3說明。	匯集以下各資料庫內容後計算，年代自1915至2015年間，資料庫包含中研院、特有生物中心及水利署等。清單及各資料庫內容見本文及附錄S3說明。	匯集以下各資料庫內容後計算，年代自1915至2015年間，資料庫包含中研院、特有生物中心及水利署等。清單及各資料庫內容見本文及附錄S3說明。	匯集以下各資料庫內容後計算，年代自1915至2015年間，資料庫包含中研院、特有生物中心及水利署等。清單及各資料庫內容見本文及附錄S3說明。	匯集以下各資料庫內容後計算，年代自1915至2015年間，資料庫包含中研院、特有生物中心及水利署等。清單及各資料庫內容見本文及附錄S3說明。	資料庫內目前無資料	匯集以下各資料庫內容後計算，年代自1915至2015年間，資料庫包含中研院、特有生物中心及水利署等。清單及各資料庫內容見本文及附錄S3說明。	匯集以下各資料庫內容後計算，年代自1915至2015年間，資料庫包含中研院、特有生物中心及水利署等。清單及各資料庫內容見本文及附錄S3說明。	資料庫內無資料	匯集以下各資料庫內容後計算，年代自1915至2015年間，資料庫包含中研院、特有生物中心及水利署等。清單及各資料庫內容見本文及附錄S3說明。	匯集以下各資料庫內容後計算，年代自1915至2015年間，資料庫包含中研院、特有生物中心及水利署等。清單及各資料庫內容見本文及附錄S3說明。	匯集以下各資料庫內容後計算，年代自1915至2015年間，資料庫包含中研院、特有生物中心及水利署等。清單及各資料庫內容見本文及附錄S3說明。	依照目前已經實際點位分布進行計算與填寫	匯集以下各資料庫內容後計算，年代自1915至2015年間，資料庫包含中研院、特有生物中心及水利署等。清單及各資料庫內容見本文及附錄S3說明。	匯集以下各資料庫內容後計算，年代自1915至2015年間，資料庫包含中研院、特有生物中心及水利署等。清單及各資料庫內容見本文及附錄S3說明。	匯集以下各資料庫內容後計算，年代自1915至2015年間，資料庫包含中研院、特有生物中心及水利署等。清單及各資料庫內容見本文及附錄S3說明。	匯集以下各資料庫內容後計算，年代自1915至2015年間，資料庫包含中研院、特有生物中心及水利署等。清單及各資料庫內容見本文及附錄S3說明。	匯集以下各資料庫內容後計算，年代自1915至2015年間，資料庫包含中研院、特有生物中心及水利署等。清單及各資料庫內容見本文及附錄S3說明。	匯集以下各資料庫內容後計算，年代自1915至2015年間，資料庫包含中研院、特有生物中心及水利署等。清單及各資料庫內容見本文及附錄S3說明。	匯集以下各資料庫內容後計算，年代自1915至2015年間，資料庫包含中研院、特有生物中心及水利署等。清單及各資料庫內容見本文及附錄S3說明。	匯集以下各資料庫內容後計算，年代自1915至2015年間，資料庫包含中研院、特有生物中心及水利署等。清單及各資料庫內容見本文及附錄S3說明。	匯集以下各資料庫內容後計算，年代自1915至2015年間，資料庫包含中研院、特有生物中心及水利署等。清單及各資料庫內容見本文及附錄S3說明。	匯集以下各資料庫內容後計算，年代自1915至2015年間，資料庫包含中研院、特有生物中心及水利署等。清單及各資料庫內容見本文及附錄S3說明。	匯集以下各資料庫內容後計算，年代自1915至2015年間，資料庫包含中研院、特有生物中心及水利署等。清單及各資料庫內容見本文及附錄S3說明。	資料庫內目前無資料	資料庫內資料較少，依照目前已經實際點位分布進行計算與填寫	匯集以下各資料庫內容後計算，年代自1915至2015年間，資料庫包含中研院、特有生物中心及水利署等。清單及各資料庫內容見本文及附錄S3說明。	匯集以下各資料庫內容後計算，年代自1915至2015年間，資料庫包含中研院、特有生物中心及水利署等。清單及各資料庫內容見本文及附錄S3說明。	匯集以下各資料庫內容後計算，年代自1915至2015年間，資料庫包含中研院、特有生物中心及水利署等。清單及各資料庫內容見本文及附錄S3說明。	匯集以下各資料庫內容後計算，年代自1915至2015年間，資料庫包含中研院、特有生物中心及水利署等。清單及各資料庫內容見本文及附錄S3說明。	資料庫點位資料以O. complex呈現	資料庫點位資料以O. complex呈現	匯集以下各資料庫內容後計算，年代自1915至2015年間，資料庫包含中研院、特有生物中心及水利署等。清單及各資料庫內容見本文及附錄S3說明。	匯集以下各資料庫內容後計算，年代自1915至2015年間，資料庫包含中研院、特有生物中心及水利署等。清單及各資料庫內容見本文及附錄S3說明。	匯集以下各資料庫內容後計算，年代自1915至2015年間，資料庫包含中研院、特有生物中心及水利署等。清單及各資料庫內容見本文及附錄S3說明。	匯集以下各資料庫內容後計算，年代自1915至2015年間，資料庫包含中研院、特有生物中心及水利署等。清單及各資料庫內容見本文及附錄S3說明。	匯集以下各資料庫內容後計算，年代自1915至2015年間，資料庫包含中研院、特有生物中心及水利署等。清單及各資料庫內容見本文及附錄S3說明。	匯集以下各資料庫內容後計算，年代自1915至2015年間，資料庫包含中研院、特有生物中心及水利署等。清單及各資料庫內容見本文及附錄S3說明。	匯集以下各資料庫內容後計算，年代自1915至2015年間，資料庫包含中研院、特有生物中心及水利署等。清單及各資料庫內容見本文及附錄S3說明。	匯集以下各資料庫內容後計算，年代自1915至2015年間，資料庫包含中研院、特有生物中心及水利署等。清單及各資料庫內容見本文及附錄S3說明。	匯集以下各資料庫內容後計算，年代自1915至2015年間，資料庫包含中研院、特有生物中心及水利署等。清單及各資料庫內容見本文及附錄S3說明。	匯集以下各資料庫內容後計算，年代自1915至2015年間，資料庫包含中研院、特有生物中心及水利署等。清單及各資料庫內容見本文及附錄S3說明。	匯集以下各資料庫內容後計算，年代自1915至2015年間，資料庫包含中研院、特有生物中心及水利署等。清單及各資料庫內容見本文及附錄S3說明。	匯集以下各資料庫內容後計算，年代自1915至2015年間，資料庫包含中研院、特有生物中心及水利署等。清單及各資料庫內容見本文及附錄S3說明。	匯集以下各資料庫內容後計算，年代自1915至2015年間，資料庫包含中研院、特有生物中心及水利署等。清單及各資料庫內容見本文及附錄S3說明。	匯集以下各資料庫內容後計算，年代自1915至2015年間，資料庫包含中研院、特有生物中心及水利署等。清單及各資料庫內容見本文及附錄S3說明。	匯集以下各資料庫內容後計算，年代自1915至2015年間，資料庫包含中研院、特有生物中心及水利署等。清單及各資料庫內容見本文及附錄S3說明。	匯集以下各資料庫內容後計算，年代自1915至2015年間，資料庫包含中研院、特有生物中心及水利署等。清單及各資料庫內容見本文及附錄S3說明。	匯集以下各資料庫內容後計算，年代自1915至2015年間，資料庫包含中研院、特有生物中心及水利署等。清單及各資料庫內容見本文及附錄S3說明。	匯集以下各資料庫內容後計算，年代自1915至2015年間，資料庫包含中研院、特有生物中心及水利署等。清單及各資料庫內容見本文及附錄S3說明。	匯集以下各資料庫內容後計算，年代自1915至2015年間，資料庫包含中研院、特有生物中心及水利署等。清單及各資料庫內容見本文及附錄S3說明。	匯集以下各資料庫內容後計算，年代自1915至2015年間，資料庫包含中研院、特有生物中心及水利署等。清單及各資料庫內容見本文及附錄S3說明。	匯集以下各資料庫內容後計算，年代自1915至2015年間，資料庫包含中研院、特有生物中心及水利署等。清單及各資料庫內容見本文及附錄S3說明。	匯集以下各資料庫內容後計算，年代自1915至2015年間，資料庫包含中研院、特有生物中心及水利署等。清單及各資料庫內容見本文及附錄S3說明。	匯集以下各資料庫內容後計算，年代自1915至2015年間，資料庫包含中研院、特有生物中心及水利署等。清單及各資料庫內容見本文及附錄S3說明。	匯集以下各資料庫內容後計算，年代自1915至2015年間，資料庫包含中研院、特有生物中心及水利署等。清單及各資料庫內容見本文及附錄S3說明。	匯集以下各資料庫內容後計算，年代自1915至2015年間，資料庫包含中研院、特有生物中心及水利署等。清單及各資料庫內容見本文及附錄S3說明。	資料庫內目前無資料	匯集以下各資料庫內容後計算，年代自1915至2015年間，資料庫包含中研院、特有生物中心及水利署等。清單及各資料庫內容見本文及附錄S3說明。	匯集以下各資料庫內容後計算，年代自1915至2015年間，資料庫包含中研院、特有生物中心及水利署等。清單及各資料庫內容見本文及附錄S3說明。	匯集以下各資料庫內容後計算，年代自1915至2015年間，資料庫包含中研院、特有生物中心及水利署等。清單及各資料庫內容見本文及附錄S3說明。	匯集以下各資料庫內容後計算，年代自1915至2015年間，資料庫包含中研院、特有生物中心及水利署等。清單及各資料庫內容見本文及附錄S3說明。	匯集以下各資料庫內容後計算，年代自1915至2015年間，資料庫包含中研院、特有生物中心及水利署等。清單及各資料庫內容見本文及附錄S3說明。	匯集以下各資料庫內容後計算，年代自1915至2015年間，資料庫包含中研院、特有生物中心及水利署等。清單及各資料庫內容見本文及附錄S3說明。	匯集以下各資料庫內容後計算，年代自1915至2015年間，資料庫包含中研院、特有生物中心及水利署等。清單及各資料庫內容見本文及附錄S3說明。	資料庫內目前無資料，依照目前已經實際點位分布進行計算與填寫	匯集以下各資料庫內容後計算，年代自1915至2015年間，資料庫包含中研院、特有生物中心及水利署等。清單及各資料庫內容見本文及附錄S3說明。	匯集以下各資料庫內容後計算，年代自1915至2015年間，資料庫包含中研院、特有生物中心及水利署等。清單及各資料庫內容見本文及附錄S3說明。	匯集以下各資料庫內容後計算，年代自1915至2015年間，資料庫包含中研院、特有生物中心及水利署等。清單及各資料庫內容見本文及附錄S3說明。	匯集以下各資料庫內容後計算，年代自1915至2015年間，資料庫包含中研院、特有生物中心及水利署等。清單及各資料庫內容見本文及附錄S3說明。
b6	A3, A4	分布範圍	歷年分布資料倉儲位置(URL)																																																																																																						
b7	A, B	分布範圍	歷年分布範圍補充說明(文字)																																																																																																						
b8 	A, B	分布範圍	3年觀察占有面積(Observed Area of occupancy – AOO)--計算方法: 分布點資料，每個分布點代表1km*1km網格，相加所有佔有網格數)(單位:平方公里)	11	7																																																								11																																												
b9	A, B	分布範圍	3年觀察分布範圍(Observed Extent of occurrence – EOO)--以亞族群為計算基礎(當有亞族群存在時)，後相加所有亞族群分布面積。計算方法: 分布點資料-最小凸多邊形法(單位:平方公里)(每個分布點代表1km*1km網格)	14	62																																																								14																																												
b10	B(a)	分布範圍	3年預測分布範圍(Predicted EOO)--計算方法: 由分布點資料進行分布預測模式，預測出現1km*1km網格數(單位:平方公里)																																																																																																						
b11	B(a)	分布範圍	3年推測分布範圍(Inferred EOO)--計算方法: 由分布點資料推測分布範圍(單位:平方公里)																																																																																																						
b12	B(b)	分布範圍	3年分布範圍採用資料來源(文字說明)																																																																																																						
b13	B(b)	分布範圍	3年分布資料倉儲位置(URL)																																																																																																						
b14	B(b)	分布範圍	3年分布範圍補充說明(文字)			就目前已知淡水魚類調查的頻度來看，3年並不足以反應其分布範圍的實際狀況，因此並未採用3年內的資料作為最新分布狀況。	資料庫內目前無資料	就目前已知淡水魚類調查的頻度來看，3年並不足以反應其分布範圍的實際狀況，因此並未採用3年內的資料作為最新分布狀況。	資料庫內目前無資料	就目前已知淡水魚類調查的頻度來看，3年並不足以反應其分布範圍的實際狀況，因此並未採用3年內的資料作為最新分布狀況。	就目前已知淡水魚類調查的頻度來看，3年並不足以反應其分布範圍的實際狀況，因此並未採用3年內的資料作為最新分布狀況。而是以2003年以前與2004年以後兩個時段的資料來看分布上的變遷分布。	資料庫內目前無資料	就目前已知淡水魚類調查的頻度來看，3年並不足以反應其分布範圍的實際狀況，因此並未採用3年內的資料作為最新分布狀況。	就目前已知淡水魚類調查的頻度來看，3年並不足以反應其分布範圍的實際狀況，因此並未採用3年內的資料作為最新分布狀況。而是以2003年以前與2004年以後兩個時段的資料來看分布上的變遷分布。	就目前已知淡水魚類調查的頻度來看，3年並不足以反應其分布範圍的實際狀況，因此並未採用3年內的資料作為最新分布狀況。	就目前已知淡水魚類調查的頻度來看，3年並不足以反應其分布範圍的實際狀況，因此並未採用3年內的資料作為最新分布狀況。而是以2003年以前與2004年以後兩個時段的資料來看分布上的變遷分布。	就目前已知淡水魚類調查的頻度來看，3年並不足以反應其分布範圍的實際狀況，因此並未採用3年內的資料作為最新分布狀況。而是以2003年以前與2004年以後兩個時段的資料來看分布上的變遷分布。	就目前已知淡水魚類調查的頻度來看，3年並不足以反應其分布範圍的實際狀況，因此並未採用3年內的資料作為最新分布狀況。而是以2003年以前與2004年以後兩個時段的資料來看分布上的變遷分布。	就目前已知淡水魚類調查的頻度來看，3年並不足以反應其分布範圍的實際狀況，因此並未採用3年內的資料作為最新分布狀況。而是以2003年以前與2004年以後兩個時段的資料來看分布上的變遷分布。	就目前已知淡水魚類調查的頻度來看，3年並不足以反應其分布範圍的實際狀況，因此並未採用3年內的資料作為最新分布狀況。而是以2003年以前與2004年以後兩個時段的資料來看分布上的變遷分布。	就目前已知淡水魚類調查的頻度來看，3年並不足以反應其分布範圍的實際狀況，因此並未採用3年內的資料作為最新分布狀況。而是以2003年以前與2004年以後兩個時段的資料來看分布上的變遷分布。資料顯示兩個比較時期，AOO減少(18-->11)，EOO亦是(2175-->1426)。	就目前已知淡水魚類調查的頻度來看，3年並不足以反應其分布範圍的實際狀況，因此並未採用3年內的資料作為最新分布狀況。而是以2003年以前與2004年以後兩個時段的資料來看分布上的變遷分布。資料顯示兩個比較時期，AOO與EOO都顯著增加。	就目前已知淡水魚類調查的頻度來看，3年並不足以反應其分布範圍的實際狀況，因此並未採用3年內的資料作為最新分布狀況。	就目前已知淡水魚類調查的頻度來看，3年並不足以反應其分布範圍的實際狀況，因此並未採用3年內的資料作為最新分布狀況。	就目前已知淡水魚類調查的頻度來看，3年並不足以反應其分布範圍的實際狀況，因此並未採用3年內的資料作為最新分布狀況。	就目前已知淡水魚類調查的頻度來看，3年並不足以反應其分布範圍的實際狀況，因此並未採用3年內的資料作為最新分布狀況。	就目前已知淡水魚類調查的頻度來看，3年並不足以反應其分布範圍的實際狀況，因此並未採用3年內的資料作為最新分布狀況。	就目前已知淡水魚類調查的頻度來看，3年並不足以反應其分布範圍的實際狀況，因此並未採用3年內的資料作為最新分布狀況。	就目前已知淡水魚類調查的頻度來看，3年並不足以反應其分布範圍的實際狀況，因此並未採用3年內的資料作為最新分布狀況。	就目前已知淡水魚類調查的頻度來看，3年並不足以反應其分布範圍的實際狀況，因此並未採用3年內的資料作為最新分布狀況。	就目前已知淡水魚類調查的頻度來看，3年並不足以反應其分布範圍的實際狀況，因此並未採用3年內的資料作為最新分布狀況。	就目前已知淡水魚類調查的頻度來看，3年並不足以反應其分布範圍的實際狀況，因此並未採用3年內的資料作為最新分布狀況。	就目前已知淡水魚類調查的頻度來看，3年並不足以反應其分布範圍的實際狀況，因此並未採用3年內的資料作為最新分布狀況。	就目前已知淡水魚類調查的頻度來看，3年並不足以反應其分布範圍的實際狀況，因此並未採用3年內的資料作為最新分布狀況。	就目前已知淡水魚類調查的頻度來看，3年並不足以反應其分布範圍的實際狀況，因此並未採用3年內的資料作為最新分布狀況。	就目前已知淡水魚類調查的頻度來看，3年並不足以反應其分布範圍的實際狀況，因此並未採用3年內的資料作為最新分布狀況。	就目前已知淡水魚類調查的頻度來看，3年並不足以反應其分布範圍的實際狀況，因此並未採用3年內的資料作為最新分布狀況。	就目前已知淡水魚類調查的頻度來看，3年並不足以反應其分布範圍的實際狀況，因此並未採用3年內的資料作為最新分布狀況。	就目前已知淡水魚類調查的頻度來看，3年並不足以反應其分布範圍的實際狀況，因此並未採用3年內的資料作為最新分布狀況。	就目前已知淡水魚類調查的頻度來看，3年並不足以反應其分布範圍的實際狀況，因此並未採用3年內的資料作為最新分布狀況。	資料庫內目前無資料	就目前已知淡水魚類調查的頻度來看，3年並不足以反應其分布範圍的實際狀況，因此並未採用3年內的資料作為最新分布狀況。	就目前已知淡水魚類調查的頻度來看，3年並不足以反應其分布範圍的實際狀況，因此並未採用3年內的資料作為最新分布狀況。	資料庫內目前無資料	就目前已知淡水魚類調查的頻度來看，3年並不足以反應其分布範圍的實際狀況，因此並未採用3年內的資料作為最新分布狀況。	就目前已知淡水魚類調查的頻度來看，3年並不足以反應其分布範圍的實際狀況，因此並未採用3年內的資料作為最新分布狀況。	就目前已知淡水魚類調查的頻度來看，3年並不足以反應其分布範圍的實際狀況，因此並未採用3年內的資料作為最新分布狀況。	資料庫內目前無資料	就目前已知淡水魚類調查的頻度來看，3年並不足以反應其分布範圍的實際狀況，因此並未採用3年內的資料作為最新分布狀況。	就目前已知淡水魚類調查的頻度來看，3年並不足以反應其分布範圍的實際狀況，因此並未採用3年內的資料作為最新分布狀況。	就目前已知淡水魚類調查的頻度來看，3年並不足以反應其分布範圍的實際狀況，因此並未採用3年內的資料作為最新分布狀況。	就目前已知淡水魚類調查的頻度來看，3年並不足以反應其分布範圍的實際狀況，因此並未採用3年內的資料作為最新分布狀況。	就目前已知淡水魚類調查的頻度來看，3年並不足以反應其分布範圍的實際狀況，因此並未採用3年內的資料作為最新分布狀況。	就目前已知淡水魚類調查的頻度來看，3年並不足以反應其分布範圍的實際狀況，因此並未採用3年內的資料作為最新分布狀況。	就目前已知淡水魚類調查的頻度來看，3年並不足以反應其分布範圍的實際狀況，因此並未採用3年內的資料作為最新分布狀況。	就目前已知淡水魚類調查的頻度來看，3年並不足以反應其分布範圍的實際狀況，因此並未採用3年內的資料作為最新分布狀況。	就目前已知淡水魚類調查的頻度來看，3年並不足以反應其分布範圍的實際狀況，因此並未採用3年內的資料作為最新分布狀況。	就目前已知淡水魚類調查的頻度來看，3年並不足以反應其分布範圍的實際狀況，因此並未採用3年內的資料作為最新分布狀況。	就目前已知淡水魚類調查的頻度來看，3年並不足以反應其分布範圍的實際狀況，因此並未採用3年內的資料作為最新分布狀況。	資料庫內目前無資料	就目前已知淡水魚類調查的頻度來看，3年並不足以反應其分布範圍的實際狀況，因此並未採用3年內的資料作為最新分布狀況。	就目前已知淡水魚類調查的頻度來看，3年並不足以反應其分布範圍的實際狀況，因此並未採用3年內的資料作為最新分布狀況。	就目前已知淡水魚類調查的頻度來看，3年並不足以反應其分布範圍的實際狀況，因此並未採用3年內的資料作為最新分布狀況。	就目前已知淡水魚類調查的頻度來看，3年並不足以反應其分布範圍的實際狀況，因此並未採用3年內的資料作為最新分布狀況。	就目前已知淡水魚類調查的頻度來看，3年並不足以反應其分布範圍的實際狀況，因此並未採用3年內的資料作為最新分布狀況。	資料庫內資料已與尼羅口孵魚合併處理。	資料庫內資料已與莫三鼻克口孵魚合併處理。	就目前已知淡水魚類調查的頻度來看，3年並不足以反應其分布範圍的實際狀況，因此並未採用3年內的資料作為最新分布狀況。	就目前已知淡水魚類調查的頻度來看，3年並不足以反應其分布範圍的實際狀況，因此並未採用3年內的資料作為最新分布狀況。	就目前已知淡水魚類調查的頻度來看，3年並不足以反應其分布範圍的實際狀況，因此並未採用3年內的資料作為最新分布狀況。	就目前已知淡水魚類調查的頻度來看，3年並不足以反應其分布範圍的實際狀況，因此並未採用3年內的資料作為最新分布狀況。	就目前已知淡水魚類調查的頻度來看，3年並不足以反應其分布範圍的實際狀況，因此並未採用3年內的資料作為最新分布狀況。	就目前已知淡水魚類調查的頻度來看，3年並不足以反應其分布範圍的實際狀況，因此並未採用3年內的資料作為最新分布狀況。	就目前已知淡水魚類調查的頻度來看，3年並不足以反應其分布範圍的實際狀況，因此並未採用3年內的資料作為最新分布狀況。	就目前已知淡水魚類調查的頻度來看，3年並不足以反應其分布範圍的實際狀況，因此並未採用3年內的資料作為最新分布狀況。	就目前已知淡水魚類調查的頻度來看，3年並不足以反應其分布範圍的實際狀況，因此並未採用3年內的資料作為最新分布狀況。	就目前已知淡水魚類調查的頻度來看，3年並不足以反應其分布範圍的實際狀況，因此並未採用3年內的資料作為最新分布狀況。	就目前已知淡水魚類調查的頻度來看，3年並不足以反應其分布範圍的實際狀況，因此並未採用3年內的資料作為最新分布狀況。	就目前已知淡水魚類調查的頻度來看，3年並不足以反應其分布範圍的實際狀況，因此並未採用3年內的資料作為最新分布狀況。	就目前已知淡水魚類調查的頻度來看，3年並不足以反應其分布範圍的實際狀況，因此並未採用3年內的資料作為最新分布狀況。	就目前已知淡水魚類調查的頻度來看，3年並不足以反應其分布範圍的實際狀況，因此並未採用3年內的資料作為最新分布狀況。	就目前已知淡水魚類調查的頻度來看，3年並不足以反應其分布範圍的實際狀況，因此並未採用3年內的資料作為最新分布狀況。	就目前已知淡水魚類調查的頻度來看，3年並不足以反應其分布範圍的實際狀況，因此並未採用3年內的資料作為最新分布狀況。	就目前已知淡水魚類調查的頻度來看，3年並不足以反應其分布範圍的實際狀況，因此並未採用3年內的資料作為最新分布狀況。	就目前已知淡水魚類調查的頻度來看，3年並不足以反應其分布範圍的實際狀況，因此並未採用3年內的資料作為最新分布狀況。	就目前已知淡水魚類調查的頻度來看，3年並不足以反應其分布範圍的實際狀況，因此並未採用3年內的資料作為最新分布狀況。	就目前已知淡水魚類調查的頻度來看，3年並不足以反應其分布範圍的實際狀況，因此並未採用3年內的資料作為最新分布狀況。	就目前已知淡水魚類調查的頻度來看，3年並不足以反應其分布範圍的實際狀況，因此並未採用3年內的資料作為最新分布狀況。	就目前已知淡水魚類調查的頻度來看，3年並不足以反應其分布範圍的實際狀況，因此並未採用3年內的資料作為最新分布狀況。	就目前已知淡水魚類調查的頻度來看，3年並不足以反應其分布範圍的實際狀況，因此並未採用3年內的資料作為最新分布狀況。	就目前已知淡水魚類調查的頻度來看，3年並不足以反應其分布範圍的實際狀況，因此並未採用3年內的資料作為最新分布狀況。	就目前已知淡水魚類調查的頻度來看，3年並不足以反應其分布範圍的實際狀況，因此並未採用3年內的資料作為最新分布狀況。	資料庫內目前無資料	就目前已知淡水魚類調查的頻度來看，3年並不足以反應其分布範圍的實際狀況，因此並未採用3年內的資料作為最新分布狀況。	就目前已知淡水魚類調查的頻度來看，3年並不足以反應其分布範圍的實際狀況，因此並未採用3年內的資料作為最新分布狀況。	就目前已知淡水魚類調查的頻度來看，3年並不足以反應其分布範圍的實際狀況，因此並未採用3年內的資料作為最新分布狀況。	就目前已知淡水魚類調查的頻度來看，3年並不足以反應其分布範圍的實際狀況，因此並未採用3年內的資料作為最新分布狀況。	就目前已知淡水魚類調查的頻度來看，3年並不足以反應其分布範圍的實際狀況，因此並未採用3年內的資料作為最新分布狀況。	就目前已知淡水魚類調查的頻度來看，3年並不足以反應其分布範圍的實際狀況，因此並未採用3年內的資料作為最新分布狀況。	就目前已知淡水魚類調查的頻度來看，3年並不足以反應其分布範圍的實際狀況，因此並未採用3年內的資料作為最新分布狀況。	資料庫內目前無資料，依照目前已經實際點位分布進行計算與填寫	就目前已知淡水魚類調查的頻度來看，3年並不足以反應其分布範圍的實際狀況，因此並未採用3年內的資料作為最新分布狀況。	就目前已知淡水魚類調查的頻度來看，3年並不足以反應其分布範圍的實際狀況，因此並未採用3年內的資料作為最新分布狀況。	就目前已知淡水魚類調查的頻度來看，3年並不足以反應其分布範圍的實際狀況，因此並未採用3年內的資料作為最新分布狀況。	就目前已知淡水魚類調查的頻度來看，3年並不足以反應其分布範圍的實際狀況，因此並未採用3年內的資料作為最新分布狀況。
b15	B(b)	族群間隔離程度	觀察所見亞族群數(Number of locations  or subpopulations)(單位:個)(亞族群數界定: 地理、生態區隔離，特別考慮大災難威脅涵蓋範圍。單一大災難影響所及可能是數個亞族群或單一亞族群。閥值: 1, 5, 10	1	4	1	1	1	1	1	2	1	2	2	1	1	1	1	1	2	1	1	2	1	1	1	1	1	2	4	1	1	3	3	1	2	1	1	1	2	1	1	1	1	1	2	3	1	1	1	1	1	1	1	2	1	1	1	2	1	1	1	1	1	1	1	1	1	1	1	1	1	1	1		1	1	1	1	3	1	1	1	1	1	1	1	1	1	1	1	1	1	1	1	1	1	1	1	1	1	1	1	1	1
b16	B(b)	族群間隔離程度	族群是否屬不連續分布 Y(yes)/N(no)	Y	Y	N	N	N	N	N	Y	N	N	N	N	N	N	N	N	Y	N	N	Y	N	N	N	N	N	Y	Y	N	N	Y	Y	N	Y	N	N	N	Y	N	N	N	N	N	Y	Y	N	N	N	N	N	N	N	N	N	N	N	Y	N	Y	N	N	N	N	N	N	N	N	N	N	N	N	N		N	N	N	N	Y	N	N	N	N	N	N	N	N	N	N	N	N	N	N	N	N	N	N	N	N	N	N	N	N	N
b17	B(b)	族群間隔離程度	族群不連續分布情形說明(文字)	原始族群location=1，若考慮放流族群則location=2(至少3年穩定)，但目前並無10年或3代以上穩定分佈資料。	原始族群location=4，但目前僅2個地點有10年或3代以上穩定資料。	降海洄游物種，生殖地點為大洋環境，產卵場數量不明，但仍將族群來源視為相同，loaction=1	降海洄游物種，生殖地點為大洋環境，產卵場數量不明，但仍將族群來源視為相同，loaction=1	降海洄游物種，生殖地點為大洋環境，產卵場數量不明，但仍將族群來源視為相同，loaction=1	降海洄游物種，生殖地點為大洋環境，產卵場數量不明，但仍將族群來源視為相同，loaction=1	降海洄游物種，生殖地點為大洋環境，產卵場數量不明，但仍將族群來源視為相同，loaction=1	為廣泛分布種類，location>10。資料庫裡以20計算。	為臺灣副細鯽晚近分裂出的新種。分布僅一個極為狹窄之地區。location=1	為特定地理區分布種類，已知location介於6-10。	為廣泛分布種類，location>10。資料庫裡以20計算。	為特定地理區(南部)分布種類，依照地理區及潛在威脅考量，location=2-5之間。	為廣泛分布種類，且無明顯地理區分布，加以人為養殖普遍，location>10。資料庫裡以20計算。	為廣泛分布種類，且無明顯地理區分布，加以人為養殖普遍，location>10。資料庫裡以20計算。	為廣泛分布種類，且無明顯地理區分布，加以人為養殖普遍，location>10。資料庫裡以20計算。	為廣泛分布種類，且無明顯地理區分布，加以人為養殖普遍，location>10。資料庫裡以20計算。	為特定地理區(北部與東北部)分布種類，可在河川與湖泊環境，依照地理區及潛在威脅考量，location=6-10之間。	為特定地理區(中部)分布種類，依照地理區及潛在威脅考量，location=2。	為特定地理區(南部)分布種類，依照地理區及潛在威脅考量，location=1(南部)	為特定地理區(北部與東北部)分布種類，亦有人為放流擴散至非原生溪流中。location=6-10之間。	為廣泛分布種類，且無明顯地理區分布，加以人為養殖普遍，考量潛在威脅後，location>10	為特定地理區(北部)分布種類，可在河川靜止水域及湖泊，目前有部分分布點是放流而來，location=2-5。	僅存在外島的金門地區，本島族群已消失。location=1。	為特定地理區(中南部)分布種類，location>10。	為特定地理區(中北部)分布種類，location>10。	為特定地理區(東部與南部)分布種類，分布在水量夠大的河川之中，location=2-5。	為廣泛分布種類，但主要棲息在中上游的河川環境，location>10	為特定地理區(中北部)分布種類，依照地理區及潛在威脅考量，location>10。	為特定地理區(南部)分布種類，location=6-10。	為廣泛分布種類，依照地理區及潛在威脅考量，location>10	為特定地理區分布種類，依照地理區及潛在威脅考量，location判定為3(中部)。魚池族群依照分類系統以溪流細鯽(A. amnis)另外列表。	為廣泛分布種類，可在河川與湖泊水域，亦有不少是人為放流擴散，依照地理區及潛在威脅考量，location>10	為特定地理區(中南部)分布種類，目前多在流速較慢的溪流環境或是湖泊靜水域，location=6-10。	為特定地理區(中北部)分布種類，目前多在流速較慢的溪流環境或是湖泊靜水域，location=2-5。	為廣泛分布種類，可在溪流或湖泊環境，location>10。	為特定地理區(北部)分布種類，location=2-5。	為特定地理區(東部與南部)分布種類，但因為人為放流擴散至其他地理區，目前已知分布點位若包含非原生地，location=6-10	為特定地理區(北部)分布種類，location=1。	為特定地理區(中部)分布種類，location=1。	為特定地理區(北部)分布種類，僅見於較緩型態的溪流環境，location=2。	為特定地理區(北部)分布種類，依照地理區及潛在威脅考量，location判=2-5。	為廣泛分布種類，且可能有人為放流擴散狀況，location>10。	為特定地理區(東北部、北部與中北部)分布種類，location=5-10。	為廣泛分布種類(東北部、北部、中部、南部)，location>10。	為特定地理區(東部)分布種類，目前僅知分布在一條溪流之中，location=1。	為特定地理區(東部)分布種類，location=2-5。	為特定地理區(南部)分布種類，location=2-5。	為特定地理區(中部)分布種類，location=2-5。	為廣泛分布種類，location>10。	為廣泛分布種類，且無明顯地理區分布，加以人為養殖普遍，location>10。	為廣泛分布種類，且無明顯地理區分布，加以人為養殖普遍，location>10。	為廣泛分布(北部與中部)種類，location>10。	為特定地理區(中北部)分布種類，location=6-10。	為廣泛分布種類，且無明顯地理區分布，加以人為養殖普遍，location>10。	為特定地理區(中部)分布種類，依照地理區及潛在威脅考量，location=2-5。	原生族群已滅絕，放流族群主要分布在東北部與中北部，但其他地方亦偶爾可見。location>10。	為特定地理區(中部)分布種類，但目前並無有效的已知點位有分布，location判定為0。	原始族群location=1，若考慮放流族群則location=2-5(至少3年穩定)，但目前並無10年或3代以上穩定分佈資料。	原為廣泛分布種類，但目前少見，僅存庇護點位分散。考量潛在威脅後，location=2-5。	外來種類，為廣泛分布種類，且無明顯地理區分布，location>20。	為廣泛分布種類，且無明顯地理區分布，加以人為養殖普遍，location>10。	外來種類，為廣泛分布種類，且無明顯地理區分布，加以人為養殖普遍，考量潛在威脅後，location>10(全區)。	外來種類，為廣泛分布種類，且無明顯地理區分布，加以人為養殖普遍，考量潛在威脅後，location>10(全區)。	外來種類，為廣泛分布種類，且無明顯地理區分布，加以人為養殖普遍，考量潛在威脅後，location>10(全區)。	外來種類，為廣泛分布種類，且無明顯地理區分布，加以人為養殖普遍，考量潛在威脅後，location>10(全區)。	兩側洄游淡水性物種，但生活史有部分在海洋中。數量不多，但分布廣泛，考量潛在威脅後，loaction判定>10	兩側洄游淡水性物種，但生活史有部分在海洋中。數量不多，但分布廣泛，考量潛在威脅後，loaction判定>10	兩側洄游淡水性物種，但生活史有部分在海洋中。數量不多，但分布廣泛，考量潛在威脅後，loaction判定>10	兩側洄游淡水性物種，但生活史有部分在海洋中。數量不多，但分布廣泛，考量潛在威脅後，loaction判定>10	兩側洄游淡水性物種，但生活史有部分在海洋中。數量不多，但分布廣泛，考量潛在威脅後，loaction判定>10	兩側洄游淡水性物種，但生活史有部分在海洋中。數量不多，分布亦少，考量潛在威脅後，loaction=6-10	兩側洄游淡水性物種，但生活史有部分在海洋中。數量不多，但分布廣泛，考量潛在威脅後，loaction判定>10	兩側洄游淡水性物種，但生活史有部分在海洋中。數量不多，分布亦少，考量潛在威脅後，loaction=6-10	海水性或兩側洄游性(?)物種，但目前並無有效的已知點位有分布，location判定為0。	兩側洄游淡水性物種，但生活史有部分在海洋中。數量不多，但分布廣泛，考量潛在威脅後，loaction判定>10	兩側洄游淡水性物種，但生活史有部分在海洋中。數量不多，但分布廣泛，考量潛在威脅後，loaction判定>10	為特定地理區(東北部、中北部、中南部)分布種類，亦有人為放流擴散至非原生河川的狀況。分布廣泛，考量潛在威脅後，location>10。	為特定地理區(東部)分布種類，依照地理區及潛在威脅考量，location=2-5。	為特定地理區(東北部)分布種類，依照地理區及潛在威脅考量，location=2-5。	為特定地理區(東部、南部)分布種類，依照地理區及潛在威脅考量，location>10。	為廣泛分布種類，考量潛在威脅後，location>10	為特定地理區(南部)分布種類，依照地理區及潛在威脅考量，location=2-5	兩側洄游種類，為特定地理區(東部蘭嶼綠島)分布種類，依照地理區及潛在威脅考量，location=2-5。	為特定地理區(中部、南部)分布種類，依照地理區及潛在威脅考量，location=6-10。	為特定地理區(南部)分布種類，依照地理區及潛在威脅考量，location=2-5。	為廣泛分布種類，考量潛在威脅後，location>10。	兩側洄游淡水性物種，但生活史有部分在海洋中，分布廣泛但數量較少，可能與獨立小溪流環境為主要分布環境，考量潛在威脅後，loaction=2-5。	兩側洄游淡水性物種，但生活史有部分在海洋中，分布廣泛但數量較少，可能與獨立小溪流環境為主要分布環境，考量潛在威脅後，loaction=2-5。	兩側洄游淡水性物種，但生活史有部分在海洋中，分布廣泛但數量較少，可能與獨立小溪流環境為主要分布環境，考量潛在威脅後，loaction=2-5。	兩側洄游淡水性物種，但生活史有部分在海洋中，分布廣泛但數量較少，可能與獨立小溪流環境為主要分布環境，考量潛在威脅後，loaction=2-5。	兩側洄游淡水性物種，但生活史有部分在海洋中，分布廣泛，loaction>10	兩側洄游淡水性物種，但生活史有部分在海洋中，分布廣泛，loaction>10	兩側洄游淡水性物種，但生活史有部分在海洋中，分布廣泛，loaction>10	兩側洄游淡水性物種，但生活史有部分在海洋中，分布廣泛但數量較少，可能與獨立小溪流環境為主要分布環境，考量潛在威脅後，loaction=6-10。	兩側洄游淡水性物種，但生活史有部分在海洋中，分布廣泛，loaction>10	兩側洄游淡水性物種，但生活史有部分在海洋中，分布廣泛，loaction>10	兩側洄游淡水性物種，但生活史有部分在海洋中，分布廣泛，loaction>10	臺灣島內已無已經分布點，僅知分布特定地理區(金門外島)分布種類，依照地理區及潛在威脅考量，location=1。	為廣泛分布種類，且無明顯地理區分布，加以人為養殖普遍，放流情況亦多，目前已知分布點位，非原生放流情況多，考量潛在威脅後，location=6-10。	為廣泛分布種類，且無明顯地理區分布，但實際分布點位不多，考量潛在威脅後，評估location可能在6-10之間。	為廣泛分布種類，且無明顯地理區分布，加以人為養殖普遍，考量潛在威脅後，location>10。	為特定地理區(北部)分布種類，但除了標本紀錄外，並無已經分布點位。location=0。
b17	B(b)	持續下降	過往10年或更長時間分布範圍是否持續下降。AOO或EOO皆可，採嚴重者，除非資料嚴重不足。A. 下降(>-10%)， B. 穩定(-10-+10%)，C. 擴大(>+10%)	B	A	A		A		B	B	B	A	C		B	C	A	B	A	A	C	C	C	A	B	C	A	C	A	C		B	A	C	A	A	A	A	C		A			C	A 	A		A		B	B	B	C	C	A	A	A	C		B	A	C	C	B			C	C	C	C	A	C							B	A	C	C	C	A		B	A	B					A		C				C		A	A	A	
b18	B(b)	持續下降	分布範圍變化依據: A. OAOO, B. OEOO, C. PEOO, D. IEOO(只填代碼)	A	A	A, B		A,B		A,B	A		A,B	A		B	A	A, B	B	A,B	A,B	A,B	A,B	A,B	A	A	B	A,B	A,B	A,B	B		B	A,B	B	A,B	A	A,B	A	A,B		A			A,B	A,B 	B		A,B		A, B	B	A,B	A,B	A,B	A,B	A,B	A	B		A,B	A,B	A,B	B	A,B			B	A,B	B	A,B	A,B	A							B	A,B	A,B	A,B	B	A,B		A,B	A,B	B					A,B		B				A,B		AB	A,B	A	無資料
b19	B(b)	持續下降	過往10年或更長時間分布範圍變化是A. 與前期比較結果, B. 專家推測	A	A	A		A																																																					A																																												
b20	B(b)	持續下降	未來10年分布範圍下降程度。A. 下降(>-10%)， B. 穩定(-10-+10%)，C. 擴大(>+10%)	B	A			A																																																					B																																												
b21	B(b)	持續下降	未來分布範圍判斷依據: A. 模式預測, B. 專家推測(只填代碼)	B	B			B																																																					B																																												
b22	B(b)	持續下降	分布範圍變化補充說明(文字)	主要棲地預期不會有明顯改變，但不確定氣候變遷影響	主要棲地仍持續受到棲地與水質惡化威脅。	前後期分布資料顯示有下降趨勢，但資料點位並非太多，調查頻度可能不足。	無資料	目前資料顯示，鰻魚苗漁貨量減少，且分布棲地惡化及減少。2003年以前與2004年以後10年的分布範圍比較，分布範圍面積減少約4/1。(韓玉山，個人聯繫)	無資料	1.前後期資料比對顯示AOO有微幅增加，EOO則有減少趨勢。以EOO為準。族群趨勢呈現穩定。 2.但本種在野外有高強度的捕獵壓力。	1.因為人為放流至非原生範圍，自原生分布區域擴大分布範圍。但形成其他生物地理區的外來種問題。 2.資料庫兩期資料顯示AOO略增，EOO略減，但都未達10%門檻，視為族群穩定。	資料庫內無資料，分布點僅1個，目前觀察無變化。 	1.資料庫比對資料顯示AOO增加，但EOO大幅減少。因2015年實際針對原分布點位調查，以往紀錄點位有超過2/3都無發現紀錄(楊正雄, unpublish data)。故以EOO分布為準作為實際狀況。	資料庫顯示AOO大幅增加，EOO略微增加。本種因為人為放流至非原生範圍，擴大分布範圍。但形成其他生物地理區的外來種問題。	資料庫內無資料	資料庫比對資料顯示AOO減少，但EOO小幅增加，但未達10%。因調查頻度尚多，故以EOO資料為準。視為族群穩定。	資料庫比對資料顯示AOO增加，約10%，但EOO減少，超過10%。因調查頻度不算多(每個時期在25個點位以內)，故以AOO為準。判定為上升。	資料庫資料比對，AOO與EOO都減少超過10%。	資料庫前後期資料比對顯示AOO減少超過10%，但EOO增加，但未達10%。因調查頻度點位尚多，以EOO為準。	資料庫內兩時期EOO, AOO都大幅下降，但調查點位較少(調查分布點位<15個點)，可能有努力量不足之狀況，評估時需注意。	資料庫內兩時期EOO, AOO都有下降，且都超過20%。	資料庫內兩時期EOO, AOO都有上升超過10%。	待地圖確認後撰寫	資料庫顯示前後期的EOO與AOO都有上升趨勢。	1.資料庫內點位極少，後期資料無法計算EOO。 2.歷史資料分布點位的水域已經消失，但有新的發現點位，疑似為放流而來。	1.資料庫內無早期資料。 2.歷史資料顯示分布面積縮減。臺灣本島滅絕之後，僅分布外島(金門)，但本島族群自1920以後並無再發現紀錄。金門在2011年發現，2013年開始有計畫監測。發現後的分布範圍並未嚴重下降。(陳，2014)	資料庫前後期資料顯示AOO穩定，但EOO大幅增加，因調查頻度點位夠多，故以EOO為準，判定為族群擴大。	資料庫前後期資料顯示AOO與EOO都有減少趨勢。	資料庫前後期資料顯示AOO與EOO都有增加趨勢。	資料庫前後期資料顯示AOO與EOO都有減少趨勢。	資料庫前後期資料顯示AOO穩定但EOO增加趨勢。因調查點位足夠，以EOO為準，判定為增加。	無前期資料可以評估分布範圍之變化。	資料庫前後期資料顯示AOO下降，但EOO雖有下降，但幅度未達10%。因調查點位足夠，以EOO為準。判定為族群呈現穩定。	1.資料庫內兩時期資料的AOO呈現增加，EOO則無前期資料可供比對(僅2個點位)。不予採用。 2.目前已知3個分布點位，已有1個點位可能已滅絕。。另外兩個核心族群的分布範圍在10年內也都有縮減狀況，因此判斷為下降趨勢。	資料庫前後期比較顯示AOO穩定，但EOO大幅增加，超過10%幅度。因調查點位尚多，以EOO資料為準，判定族群為上升趨勢。	資料庫前後期比對AOO與EOO都有減少趨勢。	資料庫內無前期資料可供比對。但原本廣泛分布在中北部地區，10年內已知分布點位已經有多個消失或是面臨消失。	資料庫前後期比對AOO與EOO都有減少趨勢。	資料庫顯示AOO下降，但EOO後期無法計算(分布點位僅有1個)。	因人為放流活動至非原生流域而增加分布範圍。	無資料	資料庫內資料不足，無法顯分布範圍變遷狀況。不過原本分布已知最大棲息地點，在10年內因為施工填土及天災造成水域面積大幅減少。因此以族群衰減表示。	無資料	無資料		資料庫前後期比較資料顯示AOO與EOO都有減少趨勢。	資料庫前後期比較資料顯示EOO與AOO都有減少趨勢。	無資料	資料庫前後期顯示EOO與AOO都減少趨勢，但調查點位較少，可能不足以反應真實狀況。評估時需注意資料信度。	資料不足(缺前期資料)	資料庫前後期比較資料顯示AOO略增加，但未達10%，EOO則減少未達10%以上。考量調查頻度足夠，判斷族群分布範圍應為穩定趨勢。。	資料庫前後期比較資料顯示AOO大幅下降，超過10%，但EOO略為上升，未達10%。因調查頻度足夠，以EOO作為判斷依據。族群分布範圍尚稱穩定。	資料庫前後期比較資料顯示AOO略下降，EOO略上升，但都未超過10%，族群分布範圍尚稱穩定。	資料庫前後期資料顯示AOO與EOO都大幅增加，超過10％。但依據目前經驗判斷(放生主要物種之一)，分布範圍本應是擴大狀態。	資料庫前後期資料顯示AOO與EOO都大幅增加，超過10％。分布範圍呈現擴張狀態。	資料庫前後期資料比較AOO大幅減少，但EOO略減少，且都超過10%。判斷整體分布範圍面積縮減。	資料庫前後期資料比較AOO與EOO都有減少趨勢。	資料庫前後期資料AOO大幅減少，EOO則因為後期點位過少無法計算。因為此種野外調查發現不易，雖然點位不多，仍列出其實際狀況。實際評估時應注意。	資料庫前後期資料比較AOO減少，超過10%，但EOO增加趨勢超過10%，顯示資料強烈不一致。因本種目前都為放流，且每年放流地點不一，故以EOO為準。判定族群應為擴大趨勢。	無資料	1.資料庫內點位不足，無法計算EOO數值。以實際點位分布計算之EOO, AOO計算。 2.主要棲地預期不會有明顯改變，但不確定氣候變遷影響	資料庫內資料點位不多，EOO與AOO下降趨勢，依據實際調查判斷，亦應是大幅減少狀況。	資料庫前後期顯示AOO下降，但EOO上升，因調查點位夠多，因此以EOO為準。族群範圍為增加趨勢。	資料庫前後資料顯示，AOO下降，但幅度未達10%，EOO則大幅增加。因調查點位很多，因此以EOO為準，判斷族群的分布範圍應為增加。				資料庫前後資料顯示，AOO穩定，但EOO大幅增加。因調查點位很多，因此以EOO為準，判斷族群的分布範圍應為增加。		資料庫前後期資料比較AOO減少，但EOO增加。因為洄游廣泛分布物種，仍以EOO為準。判定為分布範圍擴大。	資料庫前後期資料比較AOO與EOO都是增加，族群分布範圍呈現擴張。	資料庫前後期資料比較AOO與EOO都是減少，族群分布範圍呈現下降。	1.資料庫前後期比對AOO增加，EOO因前期點位較少，無法比較。 2.資料庫點位資料不多，評估時應注意，可能有頻度不足的問題。	資料不足(點位不多及缺前期資料)	資料不足(點位不多及缺後期資料)。	資料不足(點位不多及缺前期資料)	資料不足(點位不多且詞年代資料)	資料庫前後比對顯示AOO與EOO都下降，但資料點位少(兩個時期分別各有僅4點以內)，此種又為洄游種類，資料應用上可能無法反應分布變遷狀況。	資料庫前後比對顯示AOO穩定，EOO因點位太少無法計算。資料點位少，此種又為洄游種類，資料無法反應族群分布變遷狀況。	資料庫前後期資料比較AOO下降，但EOO穩定。因該物種有放流至非原生河段導致擴大分布狀況，因此以EOO為準。判定族群為穩定。	資料庫前後期資料比較AOO與EOO都是減少趨勢。	資料庫前後期資料比較AOO與EOO都大幅增加，縣市族群分布範圍擴大。但因此種鰕虎科魚類分布侷限，因此可能與後期調查頻度較高有關。	資料庫比對AOO與EOO都是增加。	資料庫前後期資料比對，AOO穩定，EOO則大幅增加。因紀錄點位多，故以EOO為準。判斷族群範圍應有擴大趨勢。	資料庫比對AOO與EOO都是下降。	資料不足(缺前期資料且紀錄點位較少)。	資料庫前後期資料比對，AOO略減少，EOO略增加，但都未達10%幅度，判斷族群分布範圍為穩定。	資料庫前後期資料比對，AOO增加，但EOO減少，因資料紀錄點位夠多(都超過50個點位)，以EOO為準。判斷族群分布範圍下降。	資料庫前後期資料比對，AOO下降，但EOO下降幅度為達10%，因資料紀錄點位夠多(都超過100個點位)，以EOO為準。判斷族群分布範圍為穩定。	資料庫前後期資料比對，AOO與EOO都上升，但資料庫點位較少(不到5個紀錄點)，資料評估上不予採用。	資料庫前後期資料比對，AOO穩定，但資料庫點位較少(各2個紀錄點)，資料評估上不予採用。	資料不足(缺前期資料且點位太少)	無資料	資料庫前後期資料比對，AOO與EOO都呈現減少。	資料不足(缺前期資料可比對)	資料庫前後期資料比對，AOO下降，但EOO增加，因後期紀錄點位較少(13個點位)，但仍呈現EOO大幅增加狀態，顯示此物種的分布範圍十分廣泛，易受到調查點位變動的影響。族群分布範圍判斷應該在穩定與上升的狀況。以EOO的擴大範圍紀錄。	資料不足，前後期資料顯示AOO增加，但EOO前期因點位太少無法計算。	資料不足，且紀錄點位少(僅1個點位)	資料不足，缺後期資料可比較，紀錄點位較少且分布十分廣泛，目前資料可能無法反應實際分布狀況。	資料庫前後時期比較顯示AOO與EOO都增加，但因紀錄資料點位少(都在6點以內)，目前資料可能無反應實際分布狀況。但仍暫註記為分布範圍擴大。	無資料	資料庫前後期資料的EOO與AOO比較都顯示族群下降。但本種有潛在人為放流擴散及外來種入侵問題，且外來與原生種無法輕易透過鑑定確認。是否真的下降，必須納入評估考量。	資料庫前後期資料比較，AOO與EOO都減少。	資料庫前後期資料比較，AOO減少，但EOO有增加，EOO大幅增加是因為外島紀錄點位，採AOO資料為準。判定本種分布範圍有縮減狀況。	無資料
b23	B(b)	持續下降	觀察過往10年亞族群數下降趨勢。A. 下降(>-10%)， B. 穩定(-10-+10%)，C. 擴張(>+10%)	C	A																																																								C																																												
b24	B(c), C2(b)	持續下降	專家推估未來10年亞族群數下降趨勢，A. 下降(>-10%)， B. 穩定(-10-+10%)，C. 擴張(>+10%)	C	A																																																								C																																												
b25	B(c), C2(b)	持續下降	亞族群數趨勢說明(文字)	 人工繁殖與放流活動持續中	非原棲地復育工作進行中																					1年監測資料顯示下降，但經復育放流及移除外來種之後，族群快速恢復(陳等，2014)																																			 人工繁殖與放流活動持續中																																												
b26	B(c), C2(b)	持續下降	過往10年或更長時間生殖族群的持續下降程度。A. 下降(>-10%)， B. 穩定(-10-+10%)，C. 上升(>+10%)	B	A			A																																																					B																																												
b27	B(c), C2(b)	持續下降	往後10年或3代(不超過100年)預測或推估生殖族群衰減趨勢。A. 下降(>-10%)， B. 穩定(-10-+10%)，C. 擴大(>+10%)																																																																																																						
b28	B(c), C2(b)	持續下降	生殖族群趨勢補充說明(文字)			無資料	無資料	由鰻魚苗捕獲量減少趨勢，推估整個生殖族群都有衰減的狀況。	無資料	無資料	缺乏生殖族群資料	缺乏生殖族群資料														僅有族群數量估計，無生殖族群資料。																																																																															
b29	B(c), C2(b)	嚴重變動	過往10年分布面積非呈連續下降，且最大與最低值差異超過10倍。Y(yes)/N(no)	Y	Y																																																								Y																																												
b30	B(c), C2(b)	嚴重變動	依據: A. OAOO, B. OEOO, C. PEOO, D. IEOO(只填代碼)	A	A																																																								A																																												
b31	B(c), C2(b)	嚴重變動	來源: A. 與前期比較結果, B. 專家推測	A	A																																																								A																																												
b32	B(c), C2(b)	嚴重變動	分布範圍變動補充說明(文字)																																																																																																						
b33	C, D	嚴重變動	觀察過往10年亞族群數變動超過10倍。Y(yes)/N(no)	Y	Y																																																								Y																																												
b34	C, D	嚴重變動	亞族群數變動說明(文字)	沒有亞族群區分	沒有亞族群區分	沒有亞族群區分	沒有亞族群區分	沒有亞族群區分	沒有亞族群區分	沒有亞族群區分	無資料	沒有亞族群區分	無資料	無資料	沒有亞族群區分	沒有亞族群區分	沒有亞族群區分	沒有亞族群區分	沒有亞族群區分	無資料	沒有亞族群區分	沒有亞族群區分	無資料	沒有亞族群區分	沒有亞族群區分	中國大陸與臺灣(金門)族群，但前者族群與分布狀況不明。	沒有亞族群區分	沒有亞族群區分	無資料	無資料	沒有亞族群區分	沒有亞族群區分	無資料	3個亞族群中，有1個已經滅絕。	沒有亞族群區分	沒有亞族群區分	沒有亞族群區分	沒有亞族群區分	沒有亞族群區分	無資料	沒有亞族群區分	沒有亞族群區分	沒有亞族群區分	沒有亞族群區分	沒有亞族群區分	無資料	無資料	沒有亞族群區分	沒有亞族群區分	沒有亞族群區分	沒有亞族群區分	沒有亞族群區分	沒有亞族群區分	沒有亞族群區分	沒有亞族群區分	沒有亞族群區分	沒有亞族群區分	沒有亞族群區分	沒有亞族群區分	沒有亞族群區分	沒有亞族群區分																																												
b35	C, D	嚴重變動	過往10年生殖族群量非呈連續下降，且最大與最低值差異超過10倍。Y(yes)/N(no)					Y																																																																																																	
b36	C, D	嚴重變動	數據來源，A:直接觀察、B.估計、C.推測、D.懷疑					A																																																																																																	
b37	C, D	嚴重變動	生殖族群變動說明(文字)			無資料	無資料	由鰻魚苗捕獲量減少趨勢，推估整個生殖族群都有衰減的狀況。	無資料	無資料	無資料	無資料	無資料	無資料	無資料	無資料	無資料	無資料	無資料	無資料	無資料	無資料	無資料	無資料	無資料	僅有族群數量估計，無生殖族群資料。	無資料	無資料	無資料	無資料	無資料	無資料	無資料	無資料	無資料	無資料	無資料	無資料	無資料	無資料	無資料	無資料	無資料	無資料	無資料	無資料	無資料	無資料	無資料	無資料	無資料	無資料	無資料	無資料	無資料	無資料	無資料	無資料	無資料	無資料	無資料	無資料	無資料	無資料	無資料	無資料	無資料	無資料	無資料	無資料	無資料	無資料	無資料	無資料	無資料	無資料	無資料	無資料	無資料	無資料	無資料	無資料	無資料	無資料	無資料	無資料	無資料	無資料	無資料	無資料	無資料	無資料	無資料	無資料	無資料	無資料	無資料	無資料	無資料	無資料	無資料	無資料	無資料	無資料	無資料
cd1	C2(a), D	族群現狀	評估當時3年內族群數目(Population size); 閥值: 50, 250, 1000, 2500, 10000。單位:成熟個體數									250														2500-4000																																																																															
cd2	C, D	族群現狀	評估當時3年內生殖族群數目(Population size)最大值									500														4000																																																																															
cd3	C, D	族群現狀	評估當時3年內生殖族群數目(Population size)最小值									100														2500																																																																															
cd4	C, D	族群現狀	數據來源，A:直接觀察、B.估計、C.推測、D.懷疑	A	A							C														B																																			A																																												
cd5	C, D	族群現狀	生殖族群數現況說明(文字)			無資料	無資料	無資料	無資料	無資料	無資料	依據李德旺2014年估計(羅，2014)及楊正雄現場目視估計資料推測總體數量	無資料	無資料	無資料	無資料	無資料	無資料	無資料	無資料	無資料	無資料	無資料	無資料	無資料	依據陳與陳(2014)對單一族群的標放調查資料估計，所捕獲個體體長估計應有90%都為生殖個體。以調查所得最大數量4000作為該地區生殖數量上限資料。	無資料	無資料	無資料	無資料	無資料	無資料	無資料	無資料	無資料	無資料	無資料	無資料	無資料	無資料	無資料	無資料	無資料	無資料	無資料	無資料	無資料	無資料	無資料	無資料	無資料	無資料	無資料	無資料	無資料	無資料	無資料	無資料	無資料	無資料	無資料	無資料	無資料	無資料	無資料	無資料	無資料	無資料	無資料	無資料	無資料	無資料	無資料	無資料	無資料	無資料	無資料	無資料	無資料	無資料	無資料	無資料	無資料	無資料	無資料	無資料	無資料	無資料	無資料	無資料	無資料	無資料	無資料	無資料	無資料	無資料	無資料	無資料	無資料	無資料	無資料	無資料	無資料	無資料	無資料
cd6	C2(a)	族群現狀	最大亞族群的族群數量(Size of largest subpopulation)									250														4000																																																																															
cd7	C2(a)	族群現狀	數據來源，A:直接觀察、B.估計、C.推測、D.懷疑									A														B																																																																															
cd8	C2(a)	族群現狀	最大亞生殖族群數量現況說明(文字)			無資料	無資料	無資料	無資料	無資料	無資料	僅單一分布點位	無資料	無資料	無資料	無資料	無資料	無資料	無資料	無資料	無資料	無資料	無資料	無資料	無資料	以族群數量的90%作為生殖族群數量的估計資料。	無資料	無資料	無資料	無資料	無資料	無資料	無資料	無資料	無資料	無資料	無資料	無資料	無資料	無資料	無資料	無資料	無資料	無資料	無資料	無資料	無資料	無資料	無資料	無資料	無資料	無資料	無資料	無資料	無資料	無資料	無資料	無資料	無資料	無資料	無資料	無資料	無資料	無資料	無資料	無資料	無資料	無資料	無資料	無資料	無資料	無資料	無資料	無資料	無資料	無資料	無資料	無資料	無資料	無資料	無資料	無資料	無資料	無資料	無資料	無資料	無資料	無資料	無資料	無資料	無資料	無資料	無資料	無資料	無資料	無資料	無資料	無資料	無資料	無資料	無資料	無資料	無資料	無資料	無資料
cd9	VU D2	族群現況	亞族群(sub-population或location)的判斷是否已經考慮「最大不明威脅(the most serious plausible threat)」之存在。Y(yes)/N(no)	Y	Y	Y	Y	Y	Y	Y	Y	Y	Y	Y	Y	Y	Y	Y	Y	Y	Y	Y	Y	Y	Y	Y	Y	Y	Y	Y	Y	Y	Y	Y	Y	Y	Y	Y	Y	Y	Y	Y	Y	Y	Y	Y	Y	Y	Y	Y	Y	Y	Y	Y	Y	Y	Y	Y	Y	Y	Y	Y	Y	Y	Y	Y	Y	Y	Y	Y	Y	Y	Y	Y		Y	Y	Y	Y	Y	Y	Y	Y	Y	Y	Y	Y	Y	Y	Y	Y	Y	Y	Y	Y	Y	Y	Y	Y	Y	Y	Y	Y	Y	Y
cd10	VU D2	族群現況	亞族群(sub-population或location受到最大不明威脅(the most serious plausible threat)的說明(文字)			氣候變遷	氣候變遷	氣候變遷	氣候變遷	氣候變遷	天災及氣候變遷	天災及氣候變遷	天災及氣候變遷	天災及氣候變遷	天災及氣候變遷	天災及氣候變遷	天災及氣候變遷	天災及氣候變遷	天災及氣候變遷	天災及氣候變遷	天災及氣候變遷	天災及氣候變遷	天災及氣候變遷	天災及氣候變遷	天災及氣候變遷	天災及氣候變遷	天災及氣候變遷	天災及氣候變遷	天災及氣候變遷	天災及氣候變遷	天災及氣候變遷	天災及氣候變遷	天災及氣候變遷	天災及氣候變遷	天災及氣候變遷	天災及氣候變遷	天災及氣候變遷	天災及氣候變遷	天災及氣候變遷	天災及氣候變遷	天災及氣候變遷	天災及氣候變遷	天災及氣候變遷	天災及氣候變遷	天災及氣候變遷	天災及氣候變遷	天災及氣候變遷	天災及氣候變遷	天災及氣候變遷	天災及氣候變遷	天災及氣候變遷	天災及氣候變遷	天災及氣候變遷	天災及氣候變遷	天災及氣候變遷	天災及氣候變遷	天災及氣候變遷	天災及氣候變遷	天災及氣候變遷	天災及氣候變遷	天災及氣候變遷	天災及氣候變遷	天災及氣候變遷	天災及氣候變遷	天災及氣候變遷	天災及氣候變遷	天災及氣候變遷	天災及氣候變遷	天災及氣候變遷	天災及氣候變遷	天災及氣候變遷	天災及氣候變遷	天災及氣候變遷	天災及氣候變遷	天災及氣候變遷	天災及氣候變遷	天災及氣候變遷	天災及氣候變遷	天災及氣候變遷	天災及氣候變遷	天災及氣候變遷	天災及氣候變遷	天災及氣候變遷	天災及氣候變遷	天災及氣候變遷	天災及氣候變遷	天災及氣候變遷	天災及氣候變遷	天災及氣候變遷	天災及氣候變遷	天災及氣候變遷	天災及氣候變遷	天災及氣候變遷	天災及氣候變遷	天災及氣候變遷	天災及氣候變遷	天災及氣候變遷	天災及氣候變遷	天災及氣候變遷	天災及氣候變遷	天災及氣候變遷	天災及氣候變遷	天災及氣候變遷	天災及氣候變遷	天災及氣候變遷
e1	E	滅絕機率	未來50年野外滅絕機率估計(例如，以PVA計算)(Probability of extinction in the wild)(數值，0-1間)																																																																																																						
rc1	C2(a)	地區校正依據	IUCN 2015 RL 等級(填寫代碼, 1. CR, 2. EN, 3. VU, 4. NT, 5. LC)	NA	NA		NT	EN	NT	LC						LC	LC		VU	LC				LC	LC				EN						LC	LC		DD	LC	DD	DD								VU		VU	LC	LC			LC	LC		DD		NA	LC	LC	LC		NT			DD		LC	LC	DD					DD	LC			DD		LC											LC					DD		LC	LC	LC	
rc2	C2(a)	地區校正依據	族群型態(A. 繁殖, B. 訪問族群或兩者都有, C. 只有訪問族群)	A	A	C	C	C	C	C	A	A	A	A	A	A	A	A	A	A	A	A	A	A	A	A	A	A	A	A	A	A	A	A	A	A	A	A	A	A	A	A	A	A	A	A	A	A	A	A	A	A	A	A	A	A	A	A	A	A	A	A	A	A	A	A	A	A	A	A	A	A	A	A		A	C	A	A	A	A	A	A	A	A	A	A	A	A	B？	B？	B？	B？	A	A	A	A	A	A	A	A	A	A	A	A
rc3	C2(a)	地區校正依據	種層級--地區族群在全球族群所占有之比例(A. <1%, B <5%, C. <20%, D. <70, E. >70%)。評估分類階層為特定亞種時，亦請評估就種層級的資料。	A	E		A	C	A	A	E	E	E	E	E		A	A		A	E	B	A	A	E	C	E	E	E	A	A	E	E	E	A	A	C？	A	A	B	B	E	E	A？	A	E	E	E	E	E	E	A	A	A	E	C？	A	E		E	E	A	A	A	A	A	A	A	A	A	A	A	A	C？		B？	E	A	A	E	E	E	E	A	E	E	E	E	E	B？	A	A	C？	A	A	A	A	A	A	A	A	A	A	A	A
rc4	C2(a)	地區校正依據	亞種(及其他種以下)層級--地區族群在全球族群所占有之比例(A. <1%, B <5%, C. <20%, D. <70, E. >70%)	A		A										A			A																																								A																																														
rc5		地區校正依據	建議調升或調降級數(範例: 1 表示受威脅層度降1級(downlisted)，-1表示受威脅層度升1級(uplisted)			1	1	-1	1	1	-1	-1	-1	-1																																																												-1		-1				-1	-1	-1	-1		-1	-1	-1	-1	-1																
rc6	C2(a)	地區校正依據	地區校正文字說明	由全球分布範圍，推估台灣亞種族群量應不超過該種全球族群量1%。	特有種。	比例由已知全球分布推估	比例由已知全球分布推估	比例由與各國捕獲鰻苗量比較推估而得	比例由已知全球分布推估	比例由已知全球分布推估	臺灣特有種	臺灣特有種	臺灣特有種	臺灣特有種	臺灣特有種	比例由已知全球分布推估	比例由已知全球分布推估	比例由已知全球分布推估	比例由已知全球分布推估	比例由已知全球分布推估	臺灣特有種	比例由已知全球分布推估	比例由已知全球分布推估	比例由已知全球分布推估	臺灣特有種	比例由已知全球分布推估	臺灣特有種	臺灣特有種	臺灣特有種	比例由已知全球分布推估	比例由已知全球分布推估	臺灣特有種	臺灣特有種	臺灣特有種	比例由已知全球分布推估	比例由已知全球分布推估	比例由已知全球分布推估	比例由已知全球分布推估	比例由已知全球分布推估	比例由已知全球分布推估	比例由已知全球分布推估	臺灣特有種	臺灣特有種	比例由已知全球分布推估	比例由已知全球分布推估	臺灣特有種	臺灣特有種	臺灣特有種	臺灣特有種	臺灣特有種	臺灣特有種	比例由已知全球分布推估	比例由已知全球分布推估	比例由已知全球分布推估	臺灣特有種	比例由已知全球(臺灣、廣東)分布推估	比例由已知全球分布推估	臺灣特有種	比例由已知全球分布推估	臺灣特有種	由全球分布範圍，推估台灣亞種族群量應不超過該種全球族群量1%。	比例由已知全球分布推估	比例由已知全球分布推估	比例由已知全球分布推估	比例由已知全球分布推估	比例由已知全球分布推估	比例由已知全球分布推估	比例由已知全球分布推估	比例由已知全球分布推估	比例由已知全球分布推估	比例由已知全球分布推估	比例由已知全球分布推估	比例由已知全球分布推估	比例由已知全球分布(臺灣與日本琉球)推估		比例由已知全球分布推估	臺灣特有種	比例由已知全球分布推估	比例由已知全球分布推估	臺灣特有種	臺灣特有種	臺灣特有種	臺灣特有種	比例由已知全球分布推估	臺灣特有種	臺灣特有種	臺灣特有種	臺灣特有種	臺灣特有種	比例由已知全球分布推估	比例由已知全球分布推估	比例由已知全球分布推估	比例由已知全球分布推估	比例由已知全球分布推估	比例由已知全球分布推估	比例由已知全球分布推估	比例由已知全球分布推估	比例由已知全球分布推估	比例由已知全球分布推估	比例由已知全球分布推估	比例由已知全球分布推估	比例由已知全球分布推估	比例由已知全球分布推估	比例由已知全球分布推估	比例由已知全球分布推估
spo1		資料提供者	全名，依貢獻度排序，逗號區隔。如: 林瑞興, 楊正雄	楊正雄	楊正雄			韓玉山																																																					楊正雄																																												
rf1		參考文獻	依生物多樣性研究格式，完整撰寫，每列一文獻	曾晴賢。2014。七家灣溪及高山溪鮭魚族群及棲地監測。內政部營建署雪霸國家公園管理處。186頁。苗栗。	羅聿。2014。消失的多樣性：臺灣淡水魚類的瀕危與滅絕。國立清華大學分子與細胞生物研究所碩士論文。68頁。新竹。			韓玉山，2016，個人聯絡				羅聿。2014。消失的多樣性：臺灣淡水魚類的瀕危與滅絕。國立清華大學分子與細胞生物研究所碩士論文。68頁。新竹。														陳光耀與陳義雄，2014，金門地區保育類淡水魚大鱗梅氏鯿原生棲地及族群調查與保育策略規劃。壁報。								羅聿。2014。消失的多樣性：臺灣淡水魚類的瀕危與滅絕。國立清華大學分子與細胞生物研究所碩士論文。68頁。新竹。																										Ho, H.-C. and K.-T. Shao  2011 (8 July) [ref. 31432] Download ref.  Annotated checklist and type catalog of fish genera and species described from Taiwan. Zootaxa No. 2957: 1-74.	曾晴賢。2014。七家灣溪及高山溪鮭魚族群及棲地監測。內政部營建署雪霸國家公園管理處。186頁。苗栗。													Sakai, H. and M. Nakamura. 1979. Two new species of freshwater gobies (Gobiidae: Sicydiaphiinae) from Ishigaki Island, Japan. Japan J. Ichthyol. 26(1):43-54		Herre, A. W. C. T. 1935 Two new species of Ctenogobinus from South China (Gobiidae). Lingnan Sci. J., Canton. 14(3):395-397	Ho, H.-C. and K.-T. Shao  2011 (8 July) [ref. 31432] Download ref.  Annotated checklist and type catalog of fish genera and species described from Taiwan. Zootaxa No. 2957: 1-74.																												Ho, H.-C. and K.-T. Shao  2011 (8 July) [ref. 31432] Download ref.  Annotated checklist and type catalog of fish genera and species described from Taiwan. Zootaxa No. 2957: 1-74.
rf2								Chen JZ, Huang SL, Han YS* (2014) Impact of long-term habitat loss on the Japanese eel Anguilla japonica. Estuarine Coastal and Shelf Science 151:361-369																		陳光耀，2015，金門地區瀕危保育類淡水魚大鱗梅氏鯿原生棲地族群動態之研究，國立臺灣海洋大學海洋生物研究所碩士論文，101頁。																																		羅聿。2014。消失的多樣性：臺灣淡水魚類的瀕危與滅絕。國立清華大學分子與細胞生物研究所碩士論文。68頁。新竹。																																													
rf3																										陳義雄，2014，大鱗梅氏鯿族群的臺灣島復育保種研究建置計畫期末報告，行政院農業委員會，147頁。																																																																															
rf4																																																																																																									
rf5																																																																																																									
rf6				Jordan, D.D. and M. Oshima. 1919.Salmo formosanus, a new trout from the mountain streams of Formosa. Proc. Acad. Nat. Sci. Philad. 71: 122-124.	Regan, C.T. 1908. Description of new fishes from Lake Canidius, Formosa, collected by Dr. A. Moltrecht. Ann. Mag. Nat. Hist.(Ser. 8) 2(10): 350-360.	Schmidt, J. 1928. The fresh-water eels of Australia. With some remarks on the short-finned species of Anguilla. Records of the Australian Museum v. 16 (no. 4): 179-210. 	Kaup, J. J. 1856. Catalogue of the apodal fish in the collection of the British Museum. London. 1-163, Pls. 1-19. 	Temminck, C. J. and H. Schlegel 1846. See Temminck & Schlegel 1843. Parts 10-14: 173-269.(Temminck, C. J. and H. Schlegel 1843. Pisces. In: Fauna Japonica, sive descriptio animalium quae in itinere per Japoniam suscepto annis 1823-30 collegit, notis observationibus et adumbrationibus illustravit P. F. de Siebold. Part 1: 1-20.) 	Watanabe, J., J. Aoyama and K. Tsukamoto. 2009. A new species of freshwater eel Anguilla luzonenesis (Teleostei: Anguillidae) from Luzon Island of the Phillippines. Fish. Sci. 75: 387-392.	Quoy, J. R. C. and J. P. Gaimard 1824-25. Description des Poissons. Chapter IX. In: Freycinet, L. de, Voyage autour du Monde...exécuté sur les corvettes de L. M. "L'Uranie" et "La Physicienne," pendant les années 1817, 1818, 1819 et 1820. Paris. 192-401.	Günther, A. 1868. Catalogue of the fishes in the British Museum. Catalogue of the Physostomi, containing the families Heteropygii, Cyprinidae, Gonorhynchidae, Hyodontidae, Osteoglossidae, Clupeidae,... [thru]... Halosauridae, in the collection of the British Museum. v. 7: i-xx + 1-512	Liao, T.-Y., S. O. Kullander and H.-D. Lin 2011. Synonymization of Pararasbora, Yaoshanicus, and Nicholsicypris with Aphyocypris, and description of a new species of Aphyocypris from Taiwan (Teleostei: Cyprinidae). Zoological Studies v. 50 (no. 5): 657-664.	Oshima, M. 1919. Contributions to the study of the fresh water fishes of the Island of Formosa. Ann. Carneg. Mus. 12 (2-4): 169-328.	Regan, C. T. 1908. Description of new fishes from Lake Candidius, Formosa, collected by Dr. A. Moltrecht. Annals and Magazine of Natural History (Series 8) v. 2 (no. 10): 358-360.	Chen, I-S., J.-H. Wu and C.-H. Hsu 2008. The taxonomy and phylogeny of Candidia (Teleostei: Cyprinidae) from Taiwan, with description of a new species and comments on a new genus. Raffles Bulletin of Zoology Suppl. No. 19: 203-214.	Linnaeus, C. 1758. Systema Naturae, Ed. X. (Systema naturae per regna tria naturae, secundum classes, ordines, genera, species, cum characteribus, differentiis, synonymis, locis. Tomus I. Editio decima, reformata.) Holmiae. v. 1: i-ii + 1-824.	Basilewsky, S. 1855. Ichthyographia Chinae borealis. Nouveaux mémoires de la Société impériale des naturalistes de Moscou v. 10: 215-263, Pls. 1-9.	Basilewsky, S. 1855. Ichthyographia Chinae Borealis. Nouveaux mémoires de la Société impériale des naturalistes de Moscou 10: 215-263.	Wheeler, A. C. 1958. The Gronovius fish collection: a catalogue and historical account. Bulletin of the British Museum (Natural History) Historical Series v. 1 (no. 5): 185-249, Pls. 26-34.	Nichols, J.T. 1925. Some Chinese fresh-water fishes. 7. New carps of the genera Varicorhinus and Xenocypris . Am. Mus. Novit. 182: 1-8.	Banarescu, P. and T.T. Nalbant. 1996. Notes on  the genus Gobiobotia (Pisces, Cyprinidae) with description of three new species. Annot. Zool. Bot. Bratislava 27: 1-16.	Banarescu, P. and T.T. Nalbant. 1968. Some new Chinese minnows (Pisces, Cypriniforms). Proc. Biol. Soc. Wash. 81: 335-346.	Pallas, P.S. 1776. Reise durch verschiedene Provinzen des Russischen Reiches. Vol II. St. Petersburg.	Basilewsky, S. 1855. Ichthyographia Chinae borealis. Nouveaux mémoires de la Société impériale des naturalistes de Moscou v. 10: 215-263, Pls. 1-9.	Oshima, M. 1920. Notes on freshwater fishes of Formosa, with descriptions of new genera and species. Proc. Aced. Nat. Sci. Philad. 72: 120-135.	Jordan. D.S. and B.W. Evermann. 1902. Notes on a collection of fishes from the Island of Formosa. Proc. U. S. Nat. Mus. 25(1989): 315-368. 	Bănărescu, P. M. and T. T. Nalbant 1968. Some new Chinese minnows (Pisces, Cypriniformes). Proceedings of the Biological Society of Washington v. 81: 335-346.	Günther, A. 1868. Catalogue of the fishes in the British Museum. Catalogue of the Physostomi, containing the families Heteropygii, Cyprinidae, Gonorhynchidae, Hyodontidae, Osteoglossidae, Clupeidae,... [thru]... Halosauridae, in the collection of the British Museum. v. 7: i-xx + 1-512.	Oshima, M. 1920. Notes on freshwater fishes of Formasa, with descriptions of new genera and species. Proc. Acad. Nat. Sci. Phila. 72: 120-135.	Pellegrin, J. 1908. Poissons d'eau douce de Formose. Description d'une espèce nouvelle de la famille des Cyprinidés. Bulletin du Muséum National d'Histoire Naturelle (Série 1) v. 14 (no. 6): 262-265.	Jordan, D.S. and B.W. Evermann. 1902. Notes on a collection of fishes from the Island of Formosa. Proc. U. S. Nat. Mus. 25: 322-323. 	Chen, I-S., J.H. Wu and S.P. Huang. 2009. The taxonomy and phylogeny of the cyprinid genus Opsariichthys Bleeker (Teleostei: Cyprinidae) from Taiwan, with description of a new species. Environ. Biol. Fish. 86: 165-183.	Günther, A. 1868. Catalogue of the fishes in the British Museum. Catalogue of the Physostomi, containing the families Heteropygii, Cyprinidae, Gonorhynchidae, Hyodontidae, Osteoglossidae, Clupeidae,... [thru]... Halosauridae, in the collection of the British Museum. v. 7: i-xx + 1-512	Regan, C.T. 1908. Description of new fishes from Lake Canidius, Formosa, collected by Dr. A. Moltrecht. Ann. Mag. Nat. Hist.(Ser. 8) 2(10): 350-360.	Temminck, C. J. and H. Schlegel 1846. See Temminck & Schlegel 1843. Parts 10-14: 173-269.(Pisces. In: Fauna Japonica, sive descriptio animalium quae in itinere per Japoniam suscepto annis 1823-30 collegit, notis observationibus et adumbrationibus illustravit P. F. de Siebold. Part 1: 1-20.)	Günther, A. 1868. Catalogue of the fishes in the British Museum. Vol. 7. 512 pp.	Oshima, M. 1919. Contributions to the study of the fresh water fishes of the Island of Formosa. Ann Carneg. Mus. 12(2-4): 169-328.	Kner, R. 1866. Specielles Verzeichniss der während der Reise der kaiserlichen Fregatte "Novara" gesammelten Fische. III. und Schlussabtheilung. Sitzungsberichte der Kaiserlichen Akademie der Wissenschaften. Mathematisch-Naturwissenschaftliche Classe v. 53: 543-550. 	Günther, A. 1868. Catalogue of the fishes in thhe British Museum. Vol. 7. 512 pp.	Oshima, M. 1919. Contributions to the study of the fresh water fishes of the Island of Formosa. Am. Carneg. Mus. 12(2-4): 169-328.	Sauvage, H.E. and P. Dabry de Thiersant. 1874. Notes sur les poissons des eaux douces de la Chine. Annales de sciences naturelles, Paris (Zool.) (Sér. 6) 1(5): 1-18.	Chen, I-S. and Y.C. Chang. 2007. Taxonomic revision and mitochondrial sequence evolution of the cyprinid genus Squalidus (Teleostei: Cyprinidae) in Taiwan with description of a new species. Raffl. Bull. Zool. Suppl. 14: 69-76.	Oshima, M. 1919. Contributions to the study of the fresh water fishes of the Island of Formosa. Ann. Carneg. Mus. 12 (2-4):169-328.	陳義雄、張詠青。2005。台灣淡水魚原色圖鑑-第一卷 鯉形目。水產出版社。基隆市。284頁	Günther, A. 1868. Catalogue of the fishes in the British Museum. Vol. 7. 512 pp.	Steindachner, F. 1908. Ueber eine noch unbekannte Art der Gattung Bergiella Eig. aus dem La Plata. Anzeiger der Akademie der Wissenschaften in Wien v. 45 (no. 8): 110-113.	Boulenger, G. A. 1894. Descriptions of a new lizard and a new fish obtained in Formosa by Mr. Holst. Annals and Magazine of Natural History (Series 6) v. 14 (no. 84) (art. 60): 462-463.	Chen, I-S. and L.S. Fang. 2009. Hemimyzon sheni, a new species of balitorid fish (Teleostei: Balitoridae) from Taiwan. Environ. Biol. Fish. 86:185-192.	Tzeng, C.S. and S.C. Shen.1982. Studies on the homalopterid fishes of Taiwan, with description of a new species. Bull. Inst. Zool. Acad. Sini. (Taipei) 21 (2): 161-169.	Chen, I-S., C.C. Han and L.S. Fang. 2002. Sinogastromyzon nantaiensis, anew balitorid fish from southern Taiwan (Teleostei: Balitoridae). Ichthyol. Explor. Freshw. 13 (3): 239-242.	Liang, Y.S 1974. The adaptation and distribution of the small freshwater homalopterid fishes with desvription of a new species from Taiwan. Symp. Biol. Environ. Sinica. p141-156.	Sauvage, H.-E. and P. Dabry de Thiersant 1874. Notes sur les poissons des eaux douces de Chine. Annales des Sciences Naturelles, Paris (Zoologie et Paléontologie) (Sér. 6) v. 1 (art. 5): 1-18.	Cantor, T. E. 1842. General features of Chusan, with remarks on the flora and fauna of that island. Annals and Magazine of Natural History (New Series) v. 9 (nos 58, 59, 60): 265-278, 361-370, 481-493.	Dabry de Thiersant, P. 1872. Nouvelles espèces de poissons de Chine. In: La pisciculture et la pêche en Chine. Paris. i-ix, 1-196, Pls. 1-50 + 35 (bis). 178-192, Pls. 36-50.	Regan, C. T. 1908. Descriptions of new freshwater fishes from China and Japan. Annals and Magazine of Natural History (Series 8) v. 1 (no. 2): 149-153.	Oshima, M. 1919. Contributions to the study of the fresh water fishes ot the Island of Formosa. Ann. Carneg. Mus. 12(2-4):169-328.	Linnaeus, C. 1758. Systema Naturae, Ed. X. (Systema naturae per regna tria naturae, secundum classes, ordines, genera, species, cum characteribus, differentiis, synonymis, locis. Tomus I. Editio decima, reformata.) Holmiae. v. 1: i-ii + 1-824.	Regan, C.T. 1908. Description of new fishes from Lake Candidius, Formosa, collected by Dr. A. Moltrecht. Ann. Mag. Nat. Hist. (Ser. 8) 2(10): 358-360.	Temminck, C. J. and H. Schlegel 1846. See Temminck & Schlegel 1843. Parts 10-14: 173-269. (Pisces. In: Fauna Japonica, sive descriptio animalium quae in itinere per Japoniam suscepto annis 1823-30 collegit, notis observationibus et adumbrationibus illustravit P. F. de Siebold. Part 1: 1-20.)	Regan, C. T. 1908. Description of new fishes from Lake Candidius, Formosa, collected by Dr. A. Moltrecht. Annals and Magazine of Natural History (Series 8) v. 2 (no. 10): 358-360.	Jordan, D.D. and M. Oshima. 1919.Salmo formosanus, a new trout from the mountain streams of Formosa. Proc. Acad. Nat. Sci. Philad. 71: 122-124.	Temminck, C.J. and H. Schlegel. 1846. Fauna Japonica. Parts 10-14: 173-269.	Baird, S. F. and C. F. Girard 1853. Descriptions of new species of fishes collected by Mr. John H. Clark, on the U. S. and Mexican Boundary Survey, under Lt. Col. Jas. D. Graham. Proceedings of the Academy of Natural Sciences of Philadelphia v. 6: 387-390.	Zuiew, B. 1793. Biga Mvraenarvm, novae species descriptae. Nova Acta Academiae Scientiarum Imperialis Petropolitanae v. 7 (for 1789): 296-301, Pl. 7 (figs. 1-2).		Peters, W. (C. H.) 1852. Diagnosen von neuen Flussfischen aus Mossambique. Monatsberichte der Königlichen Preussischen Akademie der Wissenschaften zu Berlin 1852: 275-276, 681-685.	Linnaeus, C. 1758. Systema Naturae, Ed. X. (Systema naturae per regna tria naturae, secundum classes, ordines, genera, species, cum characteribus, differentiis, synonymis, locis. Tomus I. Editio decima, reformata.) Holmiae. v. 1: i-ii + 1-824.	Gervais, F. L. P. 1848. Sur les animaux vertébrés de l'Algérie, envisagés sous le double rapport de la géographie zoologique et de la domestication. Annales des Sciences Naturelles, Paris (Zoologie) (Sér. 3) v. 10: 202-208.	Cuvier, G. and A. Valenciennes. 1837. Histoire naturelle des poissons. Tome douzième. Suite du livre quatorzième. Gobioïdes. Livre quinzième. Acanthoptérygiens à pectorales pédiculées. Histoire naturelle des poissons. Vol. 12. 507 pp.	Bleeker, P. 1849. Bijdrage tot de kennis der Blennioïden en Gobioïden van den Soenda-Molukschen Archipel, met beschrijving van 42 nieuwe soorten. Verhandelingen van het Bataviaasch Genootschap van Kunsten en Wetenschappen. v. 22 [6]: 1-40.	Bleeker, P. 1853. Diagnostische beschrijvingen van nieuwe of weinig bekende vischsoorten van Sumatra. Tiental V-X. Natuurkundig Tijdschrift voor Nederlandsch Indië v. 4 (no. 2): 243-302.	Bloch, M. E. and J. G. Schneider 1801. M. E. Blochii, Systema Ichthyologiae Iconibus cx Ilustratum. Post obitum auctoris opus inchoatum absolvit, correxit, interpolavit Jo. Gottlob Schneider, Saxo. Berolini. Sumtibus Auctoris Impressum et Bibliopolio Sanderiano Commissum. i-lx + 1-584, Pls. 1-110.	Cuvier, G. and A. Valenciennes 1837. Histoire naturelle des poissons. Tome douzième. Suite du livre quatorzième. Gobioïdes. Livre quinzième. Acanthoptérygiens à pectorales pédiculées. v. 12: i-xxiv + 1-507 + 1 p., Pls. 344-368.	Sakai, H. and M. Nakamura 1979. Two new species of freshwater gobies (Gobiidae: Sicydiaphiinae) from Ishigaki Island, Japan. Japanese Journal of Ichthyology v. 26 (no. 1): 43-54.	Jordan, D. S. and J. O. Snyder 1901. A review of the gobioid fishes of Japan, with descriptions of twenty-one new species. Proceedings of the United States National Museum v. 24 (no. 1244): 33-132.	Herre, A. W. C. T. 1935. Two new species of Ctenogobius from South China (Gobiidae). Lingnan Science Journal, Canton v. 14 (no. 3): 395-397.	Chen, T.-R. 1960. Some additions on goby fauna from Taiwan (Formosa) including the description of Cryptocentrus yangii nov. sp. Taiwan Fisheries Research Institute, Laboratory of Fishery Biology Report No. 11: 1-16.	Cuvier, G. and A. Valenciennes 1837. Histoire naturelle des poissons. Tome douzième. Suite du livre quatorzième. Gobioïdes. Livre quinzième. Acanthoptérygiens à pectorales pédiculées. v. 12: i-xxiv + 1-507 + 1 p., Pls. 344-368.	Herre, A. W. C. T. 1927. Gobies of the Philippines and the China Sea. Monographs, Bureau of Science Manila Monogr. 23: 1-352, frontispiece + Pls. 1-30.	Regan, C. T. 1908. Descriptions of new freshwater fishes from China and Japan. Annals and Magazine of Natural History (Series 8) v. 1 (no. 2): 149-153.	Chen, I-S. and K.T.Shao. 1996. A taxonomic review ot the gobiid fish genus Rhinogobius Gill, 1859, from Taiwan, with description of three new species. Zool. Stud. 35(3): 200-214.	Oshima, M. 1919. Contributions to the study of the fresh water fishes of the Island of Formosa. Ann .Carneg. Mus. 12(2-4):169-328.	Aonuma, Y. and I-S. Chen 1996. Two new species of Rhinogobius (Pisces, Gobiidae) from Taiwan. Journal of Taiwan Museum v. 49 (no. 1): 7-13.	Rutter, C. L. 1897. A collection of fishes obtained in Swatow, China, by Miss Adele M. Fielde. Proceedings of the Academy of Natural Sciences of Philadelphia v. 49: 56-90. 	Chen, I-S. and K.T.Shao. 1996. A taxonomic review ot the gobiid fish genus Rhinogobius Gill, 1859, from Taiwan, with description of three new species. Zool. Stud. 35(3): 200-214.	Chen, I-S., P.J. Miller, and L.S. Fang 1998. A new species of freshwater goby from Lanyu (Orchid Island), Taiwan. Ichthyol. Explor. Freshw. 9(3): 255-261.	Chen, I-S. and K.-T. Shao 1996. A taxonomic review of the gobiid fish genus Rhinogobius Gill, 1859, from Taiwan, with description of three new species. Zoological Studies v. 35 (no. 3): 200-214.	Anuma, Y. and I-S. Chen.1996. Two new species of Rhinogobius (Pisces, Gobiidae) from Taiwan. J. Taiwan Mus. 49(1): 7-13.	Lee, S.-C. and J.-T. Chang 1996. A new goby, Rhinogobius rubromaculatus (Teleostei: Gobiidae), from Taiwan. Zoological Studies v. 35 (no. 1): 30-35.	Chen, I-S., K.T. Shao, and L.S. Fang. 1995. A new species of freshwater goby Schismatogobius ampluvinculus (Pisces: Gobiidae) from southeastern Taiwan. Zool. Stud. 34(3): 202-205.	Herre, A.W.C.T. 1936. Notes on fishes in the Zoological Museum of Stanford University, V. New or rare Philippine fishes from the Herre 1933 Philippine expendition. Philipp. J. Sci. 59(3): 357-373.	Bleeker, P. 1856. Nieuwe bijdrage tot de kennis der ichthyologische fauna van bali. Natuurkundig Tijdschrift voor Nederlandsch Indië 12: 291-302.	Sakai, H. and M. Nakamura. 1979. Two new species of freshwater gobies (Gobiidae: Sicydiaphiinae) from Ishigaki Island, Japan. Japan. J. Ichthyol. 26(1):43-54.	Tanaka, S. 1909. Descriptions of one new genus and ten new species of Japanese fishes. Journal of the College of Science. Imperial University, Tokyo v. 27 (art. 8): 1-27, Pl. 1.	Pallas, P. S. 1770. Spicilegia Zoologica quibus novae imprimis et obscurae animalium species iconibus, descriptionibus atque commentariis illustrantur. Berolini, Gottl. August. Lange. v. 1 (fasc. 8): 1-56, Pls. 1-5.	Bleeker, P. 1853. Diagnostische beschrijvingen van nieuwe of weinig bekende vischsoorten van Sumatra. Tiental V-X. Natuurkundig Tijdschrift voor Nederlandsch Indië v. 4 (no. 2): 243-302.	分類尚未確認	Herre, A.W.C.T. 1927. Gobies of the Philippines and the China Sea. Monogr. Bur. Sci. Manila Monogr. 23: 1-352.	Steindachner, F. 1879. Ichthyologische Beiträge (VIII). Sitzungsberichte der Kaiserlichen Akademie der Wissenschaften. Mathematisch-Naturwissenschaftliche Classe v. 80 (nos 1-2): 119-191, Pls. 1-3.	Watson, R.E. and I-S. Chen. 1998. Freshwater gobies of the genus Stiphodon from Japan and Taiwan (Teleostei: Gobiidae; Sicydiini). Aqua, J. Ichthyol. Aquat. Biol. 3(2): 55-68.	Bloch, M. E. 1792. Naturgeschichte der ausländischen Fische. Berlin. v. 6: i-xii + 1-126, Pls. 289-323.	Linnaeus, C. 1758. Systema Naturae, Ed. X. (Systema naturae per regna tria nature, secundum classes, ordines, genera, species, cum characteribus, differentiis, synonymis, locis, Tomus I. Editio decima, reformata.) Holmiae. 1: 1-824.	Linnaeus, C. 1758. Systema Naturae, Ed. X. (Systema naturae per regna tria nature, secundum classes, ordines, genera, species, cum characteribus, differentiis, synonymis, locis, Tomus I. Editio decima, reformata.) Holmiae. 1: 1-824.	Lacepède, B.G.E. 1801. Histoire naturelle des poissons. Histoire naturelle des poissons 3: 1-558.	Bleeker, P. 1870. Description et figure d'une espèce inédite de Rhynchobdella de Chine. Verslagen en Mededeelingen der Koninklijke Akademie van Wetenschappen. Afdeeling Natuurkunde (Ser. 2) v. 4: 249-250, Pl.
																																	.																																																																								
b8 (1)	A, B	分布範圍(1995~2004)	歷年觀察占有面積(Observed Area of occupancy – AOO)--計算方法: 分布點資料，每個分布點代表1km*1km網格，相加所有佔有網格數)(單位:平方公里)			4		320		316	1616		28	684		640	76	32	276	56	72	24	96	176	8		412	372	180	840	264		1964	8	260	44		140	20	188					288	748	712		36		244	828	188	28	264	476	308	36	72			20	424	68	564			240	64	200	32	424	8		16			12	8	1708	196	24	332	496	100		176	192	540	12	8			896		76	4		12	12		60	108	316	
b9(1)	A, B	分布範圍(1995~2004)	歷年觀察分布範圍(Observed Extent of occurrence – EOO)--以亞族群為計算基礎(當有亞族群存在時)，後相加所有亞族群分布面積。計算方法: 分布點資料-最小凸多邊形法(單位:平方公里)(每個分布點代表2km*2km網格)					41865.99		41186.62	31712.12		3776.738	29202.52		32601.77	9707.929	4776.567	26671.55	2625.192	2198.281	370.5051	11261.26	26004.34			7973.687	13854.91	7019.056	27067.2	17954.82		32588.47		23581.51	5126.242		25836.3	211.9128	11105.97					25338.73	12633.16	24367.03		1602.108		7006.144	27480.74	23245.24	5731.669	10066.42	12133.69	29016.73	452.133	6237.147			2184.84	31012.64	18155.41	33049.93			30803.63	23684.16	28513.78	22972.59	45176.22			1727.335			7953.232		29465.09	21840.88	263.901	16696.07	30948.43	650.343		18046.17	6110.382	26903.65	40.36107				40259.9		5572.435			12.90944	250.1412		44830.87	12722.29	27163.72	
b8(2)		分布範圍(2005~2014)	歷年觀察占有面積(Observed Area of occupancy – AOO)--計算方法: 分布點資料，每個分布點代表1km*1km網格，相加所有佔有網格數)(單位:平方公里)			8		120		376	1500		56	760	8	556	88	24	204	12	32	124	96	232	4	4	428	152	328	672	264	24	1516	12	280	36	16	128	4	292		4			320	508	528		20	44	260	488	200	72	540	124	232	8	44		4	16	352	72	592			244	92	92	60	280	20	8		8		16	8	1240	64	76	508	472	40	16	156	240	460	20	8	8		752	76	44	24	4		24		20	52	136	
b9(2)		分布範圍(2005~2014)	歷年觀察分布範圍(Observed Extent of occurrence – EOO)--以亞族群為計算基礎(當有亞族群存在時)，後相加所有亞族群分布面積。計算方法: 分布點資料-最小凸多邊形法(單位:平方公里)(每個分布點代表2km*2km網格)					30582.37		41129.73	30037.11		1166.302	29469.72		32787.34	7929.15	1466.873	27038.85	6.750899	837.0057	1413.477	3725.888	28359.47			11025.8	10443.97	7523.2	23068.46	25185.08	3553.51	32390.22	481.215	52911.43	3769.867	1399.619	21383.63		20830.29					28992.94	10462.81	16462.91		436.1862	343.5994	6449.742	25705.3	21582.54	15058.92	12361.15	10755.75	22634.15		16748.2			755.3383	77883.77	24697.92	33871.41			55371.31	38743.44	35071.33	23232.32	43765.36	8947.298					377.198		30829.15	18124.31	3706.35	20508.43	60181.48	195.6388	22.59097	19789.37	4963.336	24171.77	3759.527				36789.1	22353.44	10742.04	390.9531			886.3315		11758.78	3631.525	49251.77	
		A						CR A2ab				NT A2a																						NTA2b																									EX	EX	LC																																												
		B						EN B2ab(i,ii)c(iv)		LC	LC	LC	EN B1ab(i,ii); B2ab(i,ii)	LC		LC	LC	LC	LC	EN B1ab(i,ii); B2ab(i,ii)	EN B1ab(i,ii); B2ab(i,ii)	LC	LC	LC	EN B2ab(ii)		LC	NTB1b(i,ii); B2b(i,ii)	NT B1a; B2a	NTB1b(i,ii); B2b(i,ii)	LC	NT B1a; B2a	LC	EN B1ab(i,ii,v) ; B2ab(i,ii,v)	LC	VU B1ab(i,ii); EN B2ab(i,ii)	EN B1ab(i,ii); B2ab(i,ii)	NTB1b(i,ii); B2b(i,ii)	EN B1ab(ii); B2ab(ii)	LC		CR B2ab(ii)				VU B1ab(i,ii); B2ab(i,ii)	VU B2ab(i,ii)	DD	EN B1ab(i,ii); EN B2ab(i,ii)	NT B1a; B2a	NT B1a; B2a	LC	LC	LC	LC	VU B1ab(ii); VUB2ab(ii)	NT B2b(i,ii)	EN B1ab(ii); B2ab(ii)	LC	EX	CR B1ac(ii,iv); CR B2ac(ii,iv)	EN B1ab(ii); ENB2ab(ii)	LC	LC	LC	LC	LC	LC	LC	LC	LC	NTB2b(i)	LC	NTB2a	LC	NTB2a	EX	LC	LC	LC	EN B2ab(i,ii)	NTB1a; B2a	LC	LC	EN B1ab(i,ii); EN B2ab(i,ii)	NTB1a; B2a	LC	VU B1ab(i); EN B2ab(i)	LC	NTB1a; B2a	NTB1a; B2a	NTB1a; B2a		NT B1b(i,ii); B2b(i,ii)	LC	LC	NTB1a; B2a	LC	LC	LC		EN B2ab(i,ii)	VU B1ab(i,ii) ; EN B2ab(i,ii)	NTB2b(ii)	EX
		C										CR C1, EN C2(i,ii)														EN C1																																																																															
		D										EN D1, VU D2														NTD1								VU D2																																																																							
																																																																																																									
																																																																																																									
		FINAL				DD	DD	CR A2ab	DD	LC	LC	CR C1	EN B1ab(i,ii); B2ab(i,ii)	LC	DD	LC	LC	LC	LC	EN B1ab(i,ii); B2ab(i,ii)	EN B1ab(i,ii); B2ab(i,ii)	LC	LC	LC	EN B2ab(ii)	EN C1	LC	NT	NT	NT	LC	NT	LC	EN B1ab(i,ii,v) ; B2ab(i,ii,v)	LC	EN B2ab(i,ii)	EN B1ab(i,ii); B2ab(i,ii)	NT	EN B1ab(ii); B2ab(ii)	LC	DD	CR B2ab(ii)	DD	DD	LC	VU B1ab(i,ii); B2ab(i,ii)	VU B2ab(i,ii)	DD	EN B1ab(i,ii); EN B2ab(i,ii)	NT	NT	LC	LC	LC	LC	VU B1ab(ii); VU B2ab(ii)	NT	EN B1ab(ii); B2ab(ii)	EX?LC?	EX	CR B1ac(ii,iv); CR B2ac(ii,iv)	EN B1ab(ii); B2ab(ii)	LC	LC	LC	LC	LC	LC	LC	LC	LC	NT	LC	NT	LC	NT	EX	LC	LC	LC	EN B2ab(i,ii)	NT	LC	LC	EN B1ab(i,ii); EN B2ab(i,ii)	NT	LC	EN B2ab(i)	LC	NT	NT	NT	DD	NT	LC	LC	NT	LC	LC	LC	DD	EN B2ab(i,ii)	EN B2ab(i,ii)	NT	EX
																																														地圖有問題??																																							地圖有問題??																				
